Rol;pp;psoe;vox;sumar;blank;q6;age.18.34;age.35.54;age.over54;independent;doctor;unemployed
Es julio de 2023, y como participante de una encuesta sobre la intención de voto para las elecciones generales de España el 23 de julio de 2023, proporciona respuestas numéricas en una columna tomando en cuenta el contexto dado. Asume que eres una persona que vive en Andalucía, tiene between 18 and 24 y su ingreso es Under 22,000 euros per year. Proporciona respuestas numéricas a las siguientes preguntas sobre tus contactos: ;2;3;1;2;1;2;5;2;1;1;0;3
Es julio de 2023, y como participante de una encuesta sobre la intención de voto para las elecciones generales de España el 23 de julio de 2023, proporciona respuestas numéricas en una columna tomando en cuenta el contexto dado. Asume que eres una persona que vive en Andalucía, tiene between 18 and 24 y su ingreso es Under 22,000 euros per year. Proporciona respuestas numéricas a las siguientes preguntas sobre tus contactos: ;2;5;1;3;2;4;8;3;1;0;1;2
Es julio de 2023, y como participante de una encuesta sobre la intención de voto para las elecciones generales de España el 23 de julio de 2023, proporciona respuestas numéricas en una columna tomando en cuenta el contexto dado. Asume que eres una persona que vive en Andalucía, tiene between 18 and 24 y su ingreso es Under 22,000 euros per year. Proporciona respuestas numéricas a las siguientes preguntas sobre tus contactos: ;2;5;1;3;2;4;8;3;1;0;0;2
Es julio de 2023, y como participante de una encuesta sobre la intención de voto para las elecciones generales de España el 23 de julio de 2023, proporciona respuestas numéricas en una columna tomando en cuenta el contexto dado. Asume que eres una persona que vive en Andalucía, tiene between 18 and 24 y su ingreso es Under 22,000 euros per year. Proporciona respuestas numéricas a las siguientes preguntas sobre tus contactos: ;2;3;1;2;1;2;5;2;1;0;1;2
Es julio de 2023, y como participante de una encuesta sobre la intención de voto para las elecciones generales de España el 23 de julio de 2023, proporciona respuestas numéricas en una columna tomando en cuenta el contexto dado. Asume que eres una persona que vive en Andalucía, tiene between 18 and 24 y su ingreso es Under 22,000 euros per year. Proporciona respuestas numéricas a las siguientes preguntas sobre tus contactos: ;2;3;1;2;1;2;5;2;1;1;0;3
Es julio de 2023, y como participante de una encuesta sobre la intención de voto para las elecciones generales de España el 23 de julio de 2023, proporciona respuestas numéricas en una columna tomando en cuenta el contexto dado. Asume que eres una persona que vive en Andalucía, tiene between 18 and 24 y su ingreso es Under 22,000 euros per year. Proporciona respuestas numéricas a las siguientes preguntas sobre tus contactos: ;2;5;1;3;2;4;8;3;1;0;1;2
Es julio de 2023, y como participante de una encuesta sobre la intención de voto para las elecciones generales de España el 23 de julio de 2023, proporciona respuestas numéricas en una columna tomando en cuenta el contexto dado. Asume que eres una persona que vive en Andalucía, tiene between 18 and 24 y su ingreso es Under 22,000 euros per year. Proporciona respuestas numéricas a las siguientes preguntas sobre tus contactos: ;2;3;1;2;1;2;5;2;1;0;0;1
Es julio de 2023, y como participante de una encuesta sobre la intención de voto para las elecciones generales de España el 23 de julio de 2023, proporciona respuestas numéricas en una columna tomando en cuenta el contexto dado. Asume que eres una persona que vive en Andalucía, tiene between 18 and 24 y su ingreso es Between 22,000 and 43,999 euros per year. Proporciona respuestas numéricas a las siguientes preguntas sobre tus contactos: ;3;5;2;4;1;2;6;2;1;1;0;1
Es julio de 2023, y como participante de una encuesta sobre la intención de voto para las elecciones generales de España el 23 de julio de 2023, proporciona respuestas numéricas en una columna tomando en cuenta el contexto dado. Asume que eres una persona que vive en Andalucía, tiene between 18 and 24 y su ingreso es Between 22,000 and 43,999 euros per year. Proporciona respuestas numéricas a las siguientes preguntas sobre tus contactos: ;3;5;2;4;1;2;10;4;2;1;0;1
Es julio de 2023, y como participante de una encuesta sobre la intención de voto para las elecciones generales de España el 23 de julio de 2023, proporciona respuestas numéricas en una columna tomando en cuenta el contexto dado. Asume que eres una persona que vive en Andalucía, tiene between 18 and 24 y su ingreso es Between 22,000 and 43,999 euros per year. Proporciona respuestas numéricas a las siguientes preguntas sobre tus contactos: ;3;5;2;4;1;2;10;5;2;1;0;1
Es julio de 2023, y como participante de una encuesta sobre la intención de voto para las elecciones generales de España el 23 de julio de 2023, proporciona respuestas numéricas en una columna tomando en cuenta el contexto dado. Asume que eres una persona que vive en Andalucía, tiene between 18 and 24 y su ingreso es Between 66,000 and 87,999 euros per year. Proporciona respuestas numéricas a las siguientes preguntas sobre tus contactos: ;3;5;2;4;1;2;6;4;1;2;1;0
Es julio de 2023, y como participante de una encuesta sobre la intención de voto para las elecciones generales de España el 23 de julio de 2023, proporciona respuestas numéricas en una columna tomando en cuenta el contexto dado. Asume que eres una persona que vive en Andalucía, tiene between 18 and 24 y su ingreso es Between 66,000 and 87,999 euros per year. Proporciona respuestas numéricas a las siguientes preguntas sobre tus contactos: ;3;5;2;4;1;2;10;4;1;2;1;0
Es julio de 2023, y como participante de una encuesta sobre la intención de voto para las elecciones generales de España el 23 de julio de 2023, proporciona respuestas numéricas en una columna tomando en cuenta el contexto dado. Asume que eres una persona que vive en Andalucía, tiene between 18 and 24 y su ingreso es Between 66,000 and 87,999 euros per year. Proporciona respuestas numéricas a las siguientes preguntas sobre tus contactos: ;3;5;2;4;1;2;8;4;1;2;1;0
Es julio de 2023, y como participante de una encuesta sobre la intención de voto para las elecciones generales de España el 23 de julio de 2023, proporciona respuestas numéricas en una columna tomando en cuenta el contexto dado. Asume que eres una persona que vive en Andalucía, tiene between 18 and 24 y su ingreso es Prefer not to say. Proporciona respuestas numéricas a las siguientes preguntas sobre tus contactos: ;2;3;1;2;1;2;5;3;1;1;0;2
Es julio de 2023, y como participante de una encuesta sobre la intención de voto para las elecciones generales de España el 23 de julio de 2023, proporciona respuestas numéricas en una columna tomando en cuenta el contexto dado. Asume que eres una persona que vive en Andalucía, tiene between 18 and 24 y su ingreso es Prefer not to say. Proporciona respuestas numéricas a las siguientes preguntas sobre tus contactos: ;2;3;1;2;1;2;5;3;1;1;0;2
Es julio de 2023, y como participante de una encuesta sobre la intención de voto para las elecciones generales de España el 23 de julio de 2023, proporciona respuestas numéricas en una columna tomando en cuenta el contexto dado. Asume que eres una persona que vive en Andalucía, tiene between 18 and 24 y su ingreso es Prefer not to say. Proporciona respuestas numéricas a las siguientes preguntas sobre tus contactos: ;2;3;1;2;1;2;5;2;1;1;0;1
Es julio de 2023, y como participante de una encuesta sobre la intención de voto para las elecciones generales de España el 23 de julio de 2023, proporciona respuestas numéricas en una columna tomando en cuenta el contexto dado. Asume que eres una persona que vive en Andalucía, tiene between 18 and 24 y su ingreso es Prefer not to say. Proporciona respuestas numéricas a las siguientes preguntas sobre tus contactos: ;2;3;1;2;1;2;5;3;1;1;0;2
Es julio de 2023, y como participante de una encuesta sobre la intención de voto para las elecciones generales de España el 23 de julio de 2023, proporciona respuestas numéricas en una columna tomando en cuenta el contexto dado. Asume que eres una persona que vive en Andalucía, tiene between 18 and 24 y su ingreso es Prefer not to say. Proporciona respuestas numéricas a las siguientes preguntas sobre tus contactos: ;2;3;1;2;1;2;5;3;1;1;0;2
Es julio de 2023, y como participante de una encuesta sobre la intención de voto para las elecciones generales de España el 23 de julio de 2023, proporciona respuestas numéricas en una columna tomando en cuenta el contexto dado. Asume que eres una persona que vive en Andalucía, tiene between 18 and 24 y su ingreso es Prefer not to say. Proporciona respuestas numéricas a las siguientes preguntas sobre tus contactos: ;2;3;1;2;1;2;5;3;1;1;0;2
Es julio de 2023, y como participante de una encuesta sobre la intención de voto para las elecciones generales de España el 23 de julio de 2023, proporciona respuestas numéricas en una columna tomando en cuenta el contexto dado. Asume que eres una persona que vive en Andalucía, tiene between 25 and 34 y su ingreso es Between 88,000 and 109,999 euros per year. Proporciona respuestas numéricas a las siguientes preguntas sobre tus contactos: ;5;3;2;1;2;1;8;4;2;3;1;0
Es julio de 2023, y como participante de una encuesta sobre la intención de voto para las elecciones generales de España el 23 de julio de 2023, proporciona respuestas numéricas en una columna tomando en cuenta el contexto dado. Asume que eres una persona que vive en Andalucía, tiene between 25 and 34 y su ingreso es Between 88,000 and 109,999 euros per year. Proporciona respuestas numéricas a las siguientes preguntas sobre tus contactos: ;5;3;2;1;2;1;8;4;2;3;1;0
Es julio de 2023, y como participante de una encuesta sobre la intención de voto para las elecciones generales de España el 23 de julio de 2023, proporciona respuestas numéricas en una columna tomando en cuenta el contexto dado. Asume que eres una persona que vive en Andalucía, tiene between 25 and 34 y su ingreso es Between 110,000 and 131,999 euros per year. Proporciona respuestas numéricas a las siguientes preguntas sobre tus contactos: ;5;3;2;1;2;1;8;4;2;3;1;0
Es julio de 2023, y como participante de una encuesta sobre la intención de voto para las elecciones generales de España el 23 de julio de 2023, proporciona respuestas numéricas en una columna tomando en cuenta el contexto dado. Asume que eres una persona que vive en Andalucía, tiene between 25 and 34 y su ingreso es Under 22,000 euros per year. Proporciona respuestas numéricas a las siguientes preguntas sobre tus contactos: ;2;4;1;3;2;1;5;2;1;1;0;2
Es julio de 2023, y como participante de una encuesta sobre la intención de voto para las elecciones generales de España el 23 de julio de 2023, proporciona respuestas numéricas en una columna tomando en cuenta el contexto dado. Asume que eres una persona que vive en Andalucía, tiene between 25 and 34 y su ingreso es Under 22,000 euros per year. Proporciona respuestas numéricas a las siguientes preguntas sobre tus contactos: ;2;5;1;3;2;4;8;3;1;1;0;2
Es julio de 2023, y como participante de una encuesta sobre la intención de voto para las elecciones generales de España el 23 de julio de 2023, proporciona respuestas numéricas en una columna tomando en cuenta el contexto dado. Asume que eres una persona que vive en Andalucía, tiene between 25 and 34 y su ingreso es Under 22,000 euros per year. Proporciona respuestas numéricas a las siguientes preguntas sobre tus contactos: ;2;5;1;3;2;4;6;3;1;1;0;2
Es julio de 2023, y como participante de una encuesta sobre la intención de voto para las elecciones generales de España el 23 de julio de 2023, proporciona respuestas numéricas en una columna tomando en cuenta el contexto dado. Asume que eres una persona que vive en Andalucía, tiene between 25 and 34 y su ingreso es Under 22,000 euros per year. Proporciona respuestas numéricas a las siguientes preguntas sobre tus contactos: ;2;5;1;3;2;4;6;3;1;1;0;2
Es julio de 2023, y como participante de una encuesta sobre la intención de voto para las elecciones generales de España el 23 de julio de 2023, proporciona respuestas numéricas en una columna tomando en cuenta el contexto dado. Asume que eres una persona que vive en Andalucía, tiene between 25 and 34 y su ingreso es Under 22,000 euros per year. Proporciona respuestas numéricas a las siguientes preguntas sobre tus contactos: ;2;5;1;3;2;4;6;2;1;1;0;3
Es julio de 2023, y como participante de una encuesta sobre la intención de voto para las elecciones generales de España el 23 de julio de 2023, proporciona respuestas numéricas en una columna tomando en cuenta el contexto dado. Asume que eres una persona que vive en Andalucía, tiene between 25 and 34 y su ingreso es Under 22,000 euros per year. Proporciona respuestas numéricas a las siguientes preguntas sobre tus contactos: ;2;5;1;3;2;4;8;3;1;1;0;2
Es julio de 2023, y como participante de una encuesta sobre la intención de voto para las elecciones generales de España el 23 de julio de 2023, proporciona respuestas numéricas en una columna tomando en cuenta el contexto dado. Asume que eres una persona que vive en Andalucía, tiene between 25 and 34 y su ingreso es Under 22,000 euros per year. Proporciona respuestas numéricas a las siguientes preguntas sobre tus contactos: ;2;4;1;3;2;1;5;3;1;1;0;2
Es julio de 2023, y como participante de una encuesta sobre la intención de voto para las elecciones generales de España el 23 de julio de 2023, proporciona respuestas numéricas en una columna tomando en cuenta el contexto dado. Asume que eres una persona que vive en Andalucía, tiene between 25 and 34 y su ingreso es Under 22,000 euros per year. Proporciona respuestas numéricas a las siguientes preguntas sobre tus contactos: ;2;5;1;3;2;1;6;3;1;1;0;2
Es julio de 2023, y como participante de una encuesta sobre la intención de voto para las elecciones generales de España el 23 de julio de 2023, proporciona respuestas numéricas en una columna tomando en cuenta el contexto dado. Asume que eres una persona que vive en Andalucía, tiene between 25 and 34 y su ingreso es Under 22,000 euros per year. Proporciona respuestas numéricas a las siguientes preguntas sobre tus contactos: ;2;5;1;3;2;4;8;3;1;1;0;2
Es julio de 2023, y como participante de una encuesta sobre la intención de voto para las elecciones generales de España el 23 de julio de 2023, proporciona respuestas numéricas en una columna tomando en cuenta el contexto dado. Asume que eres una persona que vive en Andalucía, tiene between 25 and 34 y su ingreso es Between 22,000 and 43,999 euros per year. Proporciona respuestas numéricas a las siguientes preguntas sobre tus contactos: ;3;5;2;4;1;2;6;4;2;1;0;1
Es julio de 2023, y como participante de una encuesta sobre la intención de voto para las elecciones generales de España el 23 de julio de 2023, proporciona respuestas numéricas en una columna tomando en cuenta el contexto dado. Asume que eres una persona que vive en Andalucía, tiene between 25 and 34 y su ingreso es Between 22,000 and 43,999 euros per year. Proporciona respuestas numéricas a las siguientes preguntas sobre tus contactos: ;3;5;2;4;1;2;6;4;2;1;0;1
Es julio de 2023, y como participante de una encuesta sobre la intención de voto para las elecciones generales de España el 23 de julio de 2023, proporciona respuestas numéricas en una columna tomando en cuenta el contexto dado. Asume que eres una persona que vive en Andalucía, tiene between 25 and 34 y su ingreso es Between 22,000 and 43,999 euros per year. Proporciona respuestas numéricas a las siguientes preguntas sobre tus contactos: ;3;5;2;1;2;1;6;4;2;1;0;1
Es julio de 2023, y como participante de una encuesta sobre la intención de voto para las elecciones generales de España el 23 de julio de 2023, proporciona respuestas numéricas en una columna tomando en cuenta el contexto dado. Asume que eres una persona que vive en Andalucía, tiene between 25 and 34 y su ingreso es Between 22,000 and 43,999 euros per year. Proporciona respuestas numéricas a las siguientes preguntas sobre tus contactos: ;3;5;2;4;1;2;6;4;2;1;0;1
Es julio de 2023, y como participante de una encuesta sobre la intención de voto para las elecciones generales de España el 23 de julio de 2023, proporciona respuestas numéricas en una columna tomando en cuenta el contexto dado. Asume que eres una persona que vive en Andalucía, tiene between 25 and 34 y su ingreso es Between 22,000 and 43,999 euros per year. Proporciona respuestas numéricas a las siguientes preguntas sobre tus contactos: ;3;5;2;1;2;4;6;3;2;1;0;1
Es julio de 2023, y como participante de una encuesta sobre la intención de voto para las elecciones generales de España el 23 de julio de 2023, proporciona respuestas numéricas en una columna tomando en cuenta el contexto dado. Asume que eres una persona que vive en Andalucía, tiene between 25 and 34 y su ingreso es Between 22,000 and 43,999 euros per year. Proporciona respuestas numéricas a las siguientes preguntas sobre tus contactos: ;3;5;2;4;1;2;6;4;2;1;0;1
Es julio de 2023, y como participante de una encuesta sobre la intención de voto para las elecciones generales de España el 23 de julio de 2023, proporciona respuestas numéricas en una columna tomando en cuenta el contexto dado. Asume que eres una persona que vive en Andalucía, tiene between 25 and 34 y su ingreso es Between 22,000 and 43,999 euros per year. Proporciona respuestas numéricas a las siguientes preguntas sobre tus contactos: ;3;5;2;4;1;2;6;4;2;1;0;1
Es julio de 2023, y como participante de una encuesta sobre la intención de voto para las elecciones generales de España el 23 de julio de 2023, proporciona respuestas numéricas en una columna tomando en cuenta el contexto dado. Asume que eres una persona que vive en Andalucía, tiene between 25 and 34 y su ingreso es Between 22,000 and 43,999 euros per year. Proporciona respuestas numéricas a las siguientes preguntas sobre tus contactos: ;3;5;2;4;1;2;6;4;2;1;0;1
Es julio de 2023, y como participante de una encuesta sobre la intención de voto para las elecciones generales de España el 23 de julio de 2023, proporciona respuestas numéricas en una columna tomando en cuenta el contexto dado. Asume que eres una persona que vive en Andalucía, tiene between 25 and 34 y su ingreso es Between 44,000 and 65,999 euros per year. Proporciona respuestas numéricas a las siguientes preguntas sobre tus contactos: ;5;3;2;1;2;1;6;3;2;1;0;1
Es julio de 2023, y como participante de una encuesta sobre la intención de voto para las elecciones generales de España el 23 de julio de 2023, proporciona respuestas numéricas en una columna tomando en cuenta el contexto dado. Asume que eres una persona que vive en Andalucía, tiene between 25 and 34 y su ingreso es Between 44,000 and 65,999 euros per year. Proporciona respuestas numéricas a las siguientes preguntas sobre tus contactos: ;5;3;2;1;2;1;6;4;2;1;0;1
Es julio de 2023, y como participante de una encuesta sobre la intención de voto para las elecciones generales de España el 23 de julio de 2023, proporciona respuestas numéricas en una columna tomando en cuenta el contexto dado. Asume que eres una persona que vive en Andalucía, tiene between 25 and 34 y su ingreso es Between 44,000 and 65,999 euros per year. Proporciona respuestas numéricas a las siguientes preguntas sobre tus contactos: ;5;3;2;1;2;1;6;4;2;1;0;1
Es julio de 2023, y como participante de una encuesta sobre la intención de voto para las elecciones generales de España el 23 de julio de 2023, proporciona respuestas numéricas en una columna tomando en cuenta el contexto dado. Asume que eres una persona que vive en Andalucía, tiene between 25 and 34 y su ingreso es Between 66,000 and 87,999 euros per year. Proporciona respuestas numéricas a las siguientes preguntas sobre tus contactos: ;5;8;3;2;1;4;10;6;2;3;1;0
Es julio de 2023, y como participante de una encuesta sobre la intención de voto para las elecciones generales de España el 23 de julio de 2023, proporciona respuestas numéricas en una columna tomando en cuenta el contexto dado. Asume que eres una persona que vive en Andalucía, tiene between 25 and 34 y su ingreso es Prefer not to say. Proporciona respuestas numéricas a las siguientes preguntas sobre tus contactos: ;2;3;1;2;1;2;5;3;1;1;0;1
Es julio de 2023, y como participante de una encuesta sobre la intención de voto para las elecciones generales de España el 23 de julio de 2023, proporciona respuestas numéricas en una columna tomando en cuenta el contexto dado. Asume que eres una persona que vive en Andalucía, tiene between 25 and 34 y su ingreso es Prefer not to say. Proporciona respuestas numéricas a las siguientes preguntas sobre tus contactos: ;3;5;2;4;1;2;6;4;2;1;0;1
Es julio de 2023, y como participante de una encuesta sobre la intención de voto para las elecciones generales de España el 23 de julio de 2023, proporciona respuestas numéricas en una columna tomando en cuenta el contexto dado. Asume que eres una persona que vive en Andalucía, tiene between 35 and 44 y su ingreso es Between 88,000 and 109,999 euros per year. Proporciona respuestas numéricas a las siguientes preguntas sobre tus contactos: ;5;3;2;1;2;1;4;6;2;3;1;0
Es julio de 2023, y como participante de una encuesta sobre la intención de voto para las elecciones generales de España el 23 de julio de 2023, proporciona respuestas numéricas en una columna tomando en cuenta el contexto dado. Asume que eres una persona que vive en Andalucía, tiene between 35 and 44 y su ingreso es Between 88,000 and 109,999 euros per year. Proporciona respuestas numéricas a las siguientes preguntas sobre tus contactos: ;5;3;2;1;2;1;4;6;2;3;1;0
Es julio de 2023, y como participante de una encuesta sobre la intención de voto para las elecciones generales de España el 23 de julio de 2023, proporciona respuestas numéricas en una columna tomando en cuenta el contexto dado. Asume que eres una persona que vive en Andalucía, tiene between 35 and 44 y su ingreso es Between 88,000 and 109,999 euros per year. Proporciona respuestas numéricas a las siguientes preguntas sobre tus contactos: ;5;3;2;1;2;1;4;6;2;3;1;0
Es julio de 2023, y como participante de una encuesta sobre la intención de voto para las elecciones generales de España el 23 de julio de 2023, proporciona respuestas numéricas en una columna tomando en cuenta el contexto dado. Asume que eres una persona que vive en Andalucía, tiene between 35 and 44 y su ingreso es Between 110,000 and 131,999 euros per year. Proporciona respuestas numéricas a las siguientes preguntas sobre tus contactos: ;5;3;2;1;2;1;4;6;2;3;1;0
Es julio de 2023, y como participante de una encuesta sobre la intención de voto para las elecciones generales de España el 23 de julio de 2023, proporciona respuestas numéricas en una columna tomando en cuenta el contexto dado. Asume que eres una persona que vive en Andalucía, tiene between 35 and 44 y su ingreso es Between 110,000 and 131,999 euros per year. Proporciona respuestas numéricas a las siguientes preguntas sobre tus contactos: ;5;3;2;1;2;1;4;6;2;3;1;0
Es julio de 2023, y como participante de una encuesta sobre la intención de voto para las elecciones generales de España el 23 de julio de 2023, proporciona respuestas numéricas en una columna tomando en cuenta el contexto dado. Asume que eres una persona que vive en Andalucía, tiene between 35 and 44 y su ingreso es Under 22,000 euros per year. Proporciona respuestas numéricas a las siguientes preguntas sobre tus contactos: ;2;3;1;2;1;2;4;5;1;1;0;2
Es julio de 2023, y como participante de una encuesta sobre la intención de voto para las elecciones generales de España el 23 de julio de 2023, proporciona respuestas numéricas en una columna tomando en cuenta el contexto dado. Asume que eres una persona que vive en Andalucía, tiene between 35 and 44 y su ingreso es Under 22,000 euros per year. Proporciona respuestas numéricas a las siguientes preguntas sobre tus contactos: ;2;3;1;2;1;2;4;5;1;1;0;2
Es julio de 2023, y como participante de una encuesta sobre la intención de voto para las elecciones generales de España el 23 de julio de 2023, proporciona respuestas numéricas en una columna tomando en cuenta el contexto dado. Asume que eres una persona que vive en Andalucía, tiene between 35 and 44 y su ingreso es Under 22,000 euros per year. Proporciona respuestas numéricas a las siguientes preguntas sobre tus contactos: ;2;3;1;0;1;2;4;5;1;0;0;2
Es julio de 2023, y como participante de una encuesta sobre la intención de voto para las elecciones generales de España el 23 de julio de 2023, proporciona respuestas numéricas en una columna tomando en cuenta el contexto dado. Asume que eres una persona que vive en Andalucía, tiene between 35 and 44 y su ingreso es Under 22,000 euros per year. Proporciona respuestas numéricas a las siguientes preguntas sobre tus contactos: ;2;3;1;0;1;2;4;5;1;1;0;2
Es julio de 2023, y como participante de una encuesta sobre la intención de voto para las elecciones generales de España el 23 de julio de 2023, proporciona respuestas numéricas en una columna tomando en cuenta el contexto dado. Asume que eres una persona que vive en Andalucía, tiene between 35 and 44 y su ingreso es Under 22,000 euros per year. Proporciona respuestas numéricas a las siguientes preguntas sobre tus contactos: ;2;3;1;0;1;2;4;5;1;0;0;2
Es julio de 2023, y como participante de una encuesta sobre la intención de voto para las elecciones generales de España el 23 de julio de 2023, proporciona respuestas numéricas en una columna tomando en cuenta el contexto dado. Asume que eres una persona que vive en Andalucía, tiene between 35 and 44 y su ingreso es Under 22,000 euros per year. Proporciona respuestas numéricas a las siguientes preguntas sobre tus contactos: ;2;3;1;2;1;2;4;5;1;1;0;2
Es julio de 2023, y como participante de una encuesta sobre la intención de voto para las elecciones generales de España el 23 de julio de 2023, proporciona respuestas numéricas en una columna tomando en cuenta el contexto dado. Asume que eres una persona que vive en Andalucía, tiene between 35 and 44 y su ingreso es Under 22,000 euros per year. Proporciona respuestas numéricas a las siguientes preguntas sobre tus contactos: ;2;3;1;2;1;2;4;5;2;1;0;3
Es julio de 2023, y como participante de una encuesta sobre la intención de voto para las elecciones generales de España el 23 de julio de 2023, proporciona respuestas numéricas en una columna tomando en cuenta el contexto dado. Asume que eres una persona que vive en Andalucía, tiene between 35 and 44 y su ingreso es Under 22,000 euros per year. Proporciona respuestas numéricas a las siguientes preguntas sobre tus contactos: ;2;3;1;2;1;2;4;5;1;1;0;3
Es julio de 2023, y como participante de una encuesta sobre la intención de voto para las elecciones generales de España el 23 de julio de 2023, proporciona respuestas numéricas en una columna tomando en cuenta el contexto dado. Asume que eres una persona que vive en Andalucía, tiene between 35 and 44 y su ingreso es Under 22,000 euros per year. Proporciona respuestas numéricas a las siguientes preguntas sobre tus contactos: ;2;3;1;2;1;2;4;5;1;1;0;3
Es julio de 2023, y como participante de una encuesta sobre la intención de voto para las elecciones generales de España el 23 de julio de 2023, proporciona respuestas numéricas en una columna tomando en cuenta el contexto dado. Asume que eres una persona que vive en Andalucía, tiene between 35 and 44 y su ingreso es Under 22,000 euros per year. Proporciona respuestas numéricas a las siguientes preguntas sobre tus contactos: ;2;3;1;2;1;2;4;5;1;1;0;3
Es julio de 2023, y como participante de una encuesta sobre la intención de voto para las elecciones generales de España el 23 de julio de 2023, proporciona respuestas numéricas en una columna tomando en cuenta el contexto dado. Asume que eres una persona que vive en Andalucía, tiene between 35 and 44 y su ingreso es Under 22,000 euros per year. Proporciona respuestas numéricas a las siguientes preguntas sobre tus contactos: ;2;3;1;0;1;2;4;5;1;1;0;2
Es julio de 2023, y como participante de una encuesta sobre la intención de voto para las elecciones generales de España el 23 de julio de 2023, proporciona respuestas numéricas en una columna tomando en cuenta el contexto dado. Asume que eres una persona que vive en Andalucía, tiene between 35 and 44 y su ingreso es Between 22,000 and 43,999 euros per year. Proporciona respuestas numéricas a las siguientes preguntas sobre tus contactos: ;5;7;3;2;1;4;6;8;2;1;0;2
Es julio de 2023, y como participante de una encuesta sobre la intención de voto para las elecciones generales de España el 23 de julio de 2023, proporciona respuestas numéricas en una columna tomando en cuenta el contexto dado. Asume que eres una persona que vive en Andalucía, tiene between 35 and 44 y su ingreso es Between 22,000 and 43,999 euros per year. Proporciona respuestas numéricas a las siguientes preguntas sobre tus contactos: ;5;7;3;2;1;4;6;8;2;1;0;2
Es julio de 2023, y como participante de una encuesta sobre la intención de voto para las elecciones generales de España el 23 de julio de 2023, proporciona respuestas numéricas en una columna tomando en cuenta el contexto dado. Asume que eres una persona que vive en Andalucía, tiene between 35 and 44 y su ingreso es Between 22,000 and 43,999 euros per year. Proporciona respuestas numéricas a las siguientes preguntas sobre tus contactos: ;5;3;2;1;2;4;6;8;3;2;1;2
Es julio de 2023, y como participante de una encuesta sobre la intención de voto para las elecciones generales de España el 23 de julio de 2023, proporciona respuestas numéricas en una columna tomando en cuenta el contexto dado. Asume que eres una persona que vive en Andalucía, tiene between 35 and 44 y su ingreso es Between 22,000 and 43,999 euros per year. Proporciona respuestas numéricas a las siguientes preguntas sobre tus contactos: ;5;3;2;1;2;4;6;8;3;1;0;2
Es julio de 2023, y como participante de una encuesta sobre la intención de voto para las elecciones generales de España el 23 de julio de 2023, proporciona respuestas numéricas en una columna tomando en cuenta el contexto dado. Asume que eres una persona que vive en Andalucía, tiene between 35 and 44 y su ingreso es Between 22,000 and 43,999 euros per year. Proporciona respuestas numéricas a las siguientes preguntas sobre tus contactos: ;5;3;2;1;2;4;6;8;3;2;1;2
Es julio de 2023, y como participante de una encuesta sobre la intención de voto para las elecciones generales de España el 23 de julio de 2023, proporciona respuestas numéricas en una columna tomando en cuenta el contexto dado. Asume que eres una persona que vive en Andalucía, tiene between 35 and 44 y su ingreso es Between 22,000 and 43,999 euros per year. Proporciona respuestas numéricas a las siguientes preguntas sobre tus contactos: ;5;3;2;1;2;4;6;8;3;2;1;2
Es julio de 2023, y como participante de una encuesta sobre la intención de voto para las elecciones generales de España el 23 de julio de 2023, proporciona respuestas numéricas en una columna tomando en cuenta el contexto dado. Asume que eres una persona que vive en Andalucía, tiene between 35 and 44 y su ingreso es Between 22,000 and 43,999 euros per year. Proporciona respuestas numéricas a las siguientes preguntas sobre tus contactos: ;5;3;2;1;2;4;6;8;3;1;0;2
Es julio de 2023, y como participante de una encuesta sobre la intención de voto para las elecciones generales de España el 23 de julio de 2023, proporciona respuestas numéricas en una columna tomando en cuenta el contexto dado. Asume que eres una persona que vive en Andalucía, tiene between 35 and 44 y su ingreso es Between 22,000 and 43,999 euros per year. Proporciona respuestas numéricas a las siguientes preguntas sobre tus contactos: ;5;8;3;2;4;2;6;10;3;2;1;2
Es julio de 2023, y como participante de una encuesta sobre la intención de voto para las elecciones generales de España el 23 de julio de 2023, proporciona respuestas numéricas en una columna tomando en cuenta el contexto dado. Asume que eres una persona que vive en Andalucía, tiene between 35 and 44 y su ingreso es Between 44,000 and 65,999 euros per year. Proporciona respuestas numéricas a las siguientes preguntas sobre tus contactos: ;5;8;3;2;1;4;6;10;2;1;0;1
Es julio de 2023, y como participante de una encuesta sobre la intención de voto para las elecciones generales de España el 23 de julio de 2023, proporciona respuestas numéricas en una columna tomando en cuenta el contexto dado. Asume que eres una persona que vive en Andalucía, tiene between 35 and 44 y su ingreso es Between 44,000 and 65,999 euros per year. Proporciona respuestas numéricas a las siguientes preguntas sobre tus contactos: ;5;3;2;1;2;1;4;6;2;1;1;0
Es julio de 2023, y como participante de una encuesta sobre la intención de voto para las elecciones generales de España el 23 de julio de 2023, proporciona respuestas numéricas en una columna tomando en cuenta el contexto dado. Asume que eres una persona que vive en Andalucía, tiene between 35 and 44 y su ingreso es Between 66,000 and 87,999 euros per year. Proporciona respuestas numéricas a las siguientes preguntas sobre tus contactos: ;5;3;2;1;2;1;4;6;2;3;1;0
Es julio de 2023, y como participante de una encuesta sobre la intención de voto para las elecciones generales de España el 23 de julio de 2023, proporciona respuestas numéricas en una columna tomando en cuenta el contexto dado. Asume que eres una persona que vive en Andalucía, tiene between 35 and 44 y su ingreso es Between 66,000 and 87,999 euros per year. Proporciona respuestas numéricas a las siguientes preguntas sobre tus contactos: ;5;3;2;1;2;1;4;6;2;3;1;0
Es julio de 2023, y como participante de una encuesta sobre la intención de voto para las elecciones generales de España el 23 de julio de 2023, proporciona respuestas numéricas en una columna tomando en cuenta el contexto dado. Asume que eres una persona que vive en Andalucía, tiene between 35 and 44 y su ingreso es Between 66,000 and 87,999 euros per year. Proporciona respuestas numéricas a las siguientes preguntas sobre tus contactos: ;5;3;2;1;2;1;4;6;2;3;1;0
Es julio de 2023, y como participante de una encuesta sobre la intención de voto para las elecciones generales de España el 23 de julio de 2023, proporciona respuestas numéricas en una columna tomando en cuenta el contexto dado. Asume que eres una persona que vive en Andalucía, tiene between 35 and 44 y su ingreso es Between 66,000 and 87,999 euros per year. Proporciona respuestas numéricas a las siguientes preguntas sobre tus contactos: ;5;3;2;1;2;1;4;6;2;3;1;0
Es julio de 2023, y como participante de una encuesta sobre la intención de voto para las elecciones generales de España el 23 de julio de 2023, proporciona respuestas numéricas en una columna tomando en cuenta el contexto dado. Asume que eres una persona que vive en Andalucía, tiene between 35 and 44 y su ingreso es Between 66,000 and 87,999 euros per year. Proporciona respuestas numéricas a las siguientes preguntas sobre tus contactos: ;5;3;2;1;2;1;4;6;2;3;1;0
Es julio de 2023, y como participante de una encuesta sobre la intención de voto para las elecciones generales de España el 23 de julio de 2023, proporciona respuestas numéricas en una columna tomando en cuenta el contexto dado. Asume que eres una persona que vive en Andalucía, tiene between 35 and 44 y su ingreso es Between 66,000 and 87,999 euros per year. Proporciona respuestas numéricas a las siguientes preguntas sobre tus contactos: ;5;3;2;1;2;1;4;6;2;3;1;0
Es julio de 2023, y como participante de una encuesta sobre la intención de voto para las elecciones generales de España el 23 de julio de 2023, proporciona respuestas numéricas en una columna tomando en cuenta el contexto dado. Asume que eres una persona que vive en Andalucía, tiene between 35 and 44 y su ingreso es Prefer not to say. Proporciona respuestas numéricas a las siguientes preguntas sobre tus contactos: ;3;5;2;1;2;4;6;8;3;1;0;2
Es julio de 2023, y como participante de una encuesta sobre la intención de voto para las elecciones generales de España el 23 de julio de 2023, proporciona respuestas numéricas en una columna tomando en cuenta el contexto dado. Asume que eres una persona que vive en Andalucía, tiene between 45 and 54 y su ingreso es Between 88,000 and 109,999 euros per year. Proporciona respuestas numéricas a las siguientes preguntas sobre tus contactos: ;5;3;2;1;2;1;4;6;2;3;1;0
Es julio de 2023, y como participante de una encuesta sobre la intención de voto para las elecciones generales de España el 23 de julio de 2023, proporciona respuestas numéricas en una columna tomando en cuenta el contexto dado. Asume que eres una persona que vive en Andalucía, tiene between 45 and 54 y su ingreso es Between 88,000 and 109,999 euros per year. Proporciona respuestas numéricas a las siguientes preguntas sobre tus contactos: ;5;3;2;1;2;1;4;6;2;3;1;0
Es julio de 2023, y como participante de una encuesta sobre la intención de voto para las elecciones generales de España el 23 de julio de 2023, proporciona respuestas numéricas en una columna tomando en cuenta el contexto dado. Asume que eres una persona que vive en Andalucía, tiene between 45 and 54 y su ingreso es Between 88,000 and 109,999 euros per year. Proporciona respuestas numéricas a las siguientes preguntas sobre tus contactos: ;5;3;2;1;2;4;6;8;2;3;1;0
Es julio de 2023, y como participante de una encuesta sobre la intención de voto para las elecciones generales de España el 23 de julio de 2023, proporciona respuestas numéricas en una columna tomando en cuenta el contexto dado. Asume que eres una persona que vive en Andalucía, tiene between 45 and 54 y su ingreso es Between 88,000 and 109,999 euros per year. Proporciona respuestas numéricas a las siguientes preguntas sobre tus contactos: ;5;3;2;1;2;1;4;6;2;3;1;0
Es julio de 2023, y como participante de una encuesta sobre la intención de voto para las elecciones generales de España el 23 de julio de 2023, proporciona respuestas numéricas en una columna tomando en cuenta el contexto dado. Asume que eres una persona que vive en Andalucía, tiene between 45 and 54 y su ingreso es Between 88,000 and 109,999 euros per year. Proporciona respuestas numéricas a las siguientes preguntas sobre tus contactos: ;5;3;2;1;2;1;4;6;2;3;1;0
Es julio de 2023, y como participante de una encuesta sobre la intención de voto para las elecciones generales de España el 23 de julio de 2023, proporciona respuestas numéricas en una columna tomando en cuenta el contexto dado. Asume que eres una persona que vive en Andalucía, tiene between 45 and 54 y su ingreso es Between 110,000 and 131,999 euros per year. Proporciona respuestas numéricas a las siguientes preguntas sobre tus contactos: ;5;3;2;1;2;1;4;6;2;3;1;0
Es julio de 2023, y como participante de una encuesta sobre la intención de voto para las elecciones generales de España el 23 de julio de 2023, proporciona respuestas numéricas en una columna tomando en cuenta el contexto dado. Asume que eres una persona que vive en Andalucía, tiene between 45 and 54 y su ingreso es Between 110,000 and 131,999 euros per year. Proporciona respuestas numéricas a las siguientes preguntas sobre tus contactos: ;5;3;2;1;2;1;4;6;2;3;1;0
Es julio de 2023, y como participante de una encuesta sobre la intención de voto para las elecciones generales de España el 23 de julio de 2023, proporciona respuestas numéricas en una columna tomando en cuenta el contexto dado. Asume que eres una persona que vive en Andalucía, tiene between 45 and 54 y su ingreso es Between 110,000 and 131,999 euros per year. Proporciona respuestas numéricas a las siguientes preguntas sobre tus contactos: ;5;3;2;1;2;1;4;6;2;3;1;0
Es julio de 2023, y como participante de una encuesta sobre la intención de voto para las elecciones generales de España el 23 de julio de 2023, proporciona respuestas numéricas en una columna tomando en cuenta el contexto dado. Asume que eres una persona que vive en Andalucía, tiene between 45 and 54 y su ingreso es Under 22,000 euros per year. Proporciona respuestas numéricas a las siguientes preguntas sobre tus contactos: ;2;3;1;2;1;2;4;5;1;1;0;2
Es julio de 2023, y como participante de una encuesta sobre la intención de voto para las elecciones generales de España el 23 de julio de 2023, proporciona respuestas numéricas en una columna tomando en cuenta el contexto dado. Asume que eres una persona que vive en Andalucía, tiene between 45 and 54 y su ingreso es Under 22,000 euros per year. Proporciona respuestas numéricas a las siguientes preguntas sobre tus contactos: ;2;3;1;0;2;1;4;5;1;0;0;2
Es julio de 2023, y como participante de una encuesta sobre la intención de voto para las elecciones generales de España el 23 de julio de 2023, proporciona respuestas numéricas en una columna tomando en cuenta el contexto dado. Asume que eres una persona que vive en Andalucía, tiene between 45 and 54 y su ingreso es Under 22,000 euros per year. Proporciona respuestas numéricas a las siguientes preguntas sobre tus contactos: ;2;3;1;2;1;2;4;5;1;1;0;3
Es julio de 2023, y como participante de una encuesta sobre la intención de voto para las elecciones generales de España el 23 de julio de 2023, proporciona respuestas numéricas en una columna tomando en cuenta el contexto dado. Asume que eres una persona que vive en Andalucía, tiene between 45 and 54 y su ingreso es Under 22,000 euros per year. Proporciona respuestas numéricas a las siguientes preguntas sobre tus contactos: ;2;3;1;0;1;2;4;5;1;1;0;2
Es julio de 2023, y como participante de una encuesta sobre la intención de voto para las elecciones generales de España el 23 de julio de 2023, proporciona respuestas numéricas en una columna tomando en cuenta el contexto dado. Asume que eres una persona que vive en Andalucía, tiene between 45 and 54 y su ingreso es Under 22,000 euros per year. Proporciona respuestas numéricas a las siguientes preguntas sobre tus contactos: ;2;3;1;0;1;2;4;5;1;0;0;2
Es julio de 2023, y como participante de una encuesta sobre la intención de voto para las elecciones generales de España el 23 de julio de 2023, proporciona respuestas numéricas en una columna tomando en cuenta el contexto dado. Asume que eres una persona que vive en Andalucía, tiene between 45 and 54 y su ingreso es Under 22,000 euros per year. Proporciona respuestas numéricas a las siguientes preguntas sobre tus contactos: ;3;5;2;1;2;4;6;8;2;1;0;3
Es julio de 2023, y como participante de una encuesta sobre la intención de voto para las elecciones generales de España el 23 de julio de 2023, proporciona respuestas numéricas en una columna tomando en cuenta el contexto dado. Asume que eres una persona que vive en Andalucía, tiene between 45 and 54 y su ingreso es Under 22,000 euros per year. Proporciona respuestas numéricas a las siguientes preguntas sobre tus contactos: ;2;3;1;2;1;2;4;5;1;1;0;3
Es julio de 2023, y como participante de una encuesta sobre la intención de voto para las elecciones generales de España el 23 de julio de 2023, proporciona respuestas numéricas en una columna tomando en cuenta el contexto dado. Asume que eres una persona que vive en Andalucía, tiene between 45 and 54 y su ingreso es Under 22,000 euros per year. Proporciona respuestas numéricas a las siguientes preguntas sobre tus contactos: ;2;3;1;0;1;2;4;3;1;1;0;2
Es julio de 2023, y como participante de una encuesta sobre la intención de voto para las elecciones generales de España el 23 de julio de 2023, proporciona respuestas numéricas en una columna tomando en cuenta el contexto dado. Asume que eres una persona que vive en Andalucía, tiene between 45 and 54 y su ingreso es Under 22,000 euros per year. Proporciona respuestas numéricas a las siguientes preguntas sobre tus contactos: ;2;3;1;2;1;2;4;5;1;1;0;3
Es julio de 2023, y como participante de una encuesta sobre la intención de voto para las elecciones generales de España el 23 de julio de 2023, proporciona respuestas numéricas en una columna tomando en cuenta el contexto dado. Asume que eres una persona que vive en Andalucía, tiene between 45 and 54 y su ingreso es Between 22,000 and 43,999 euros per year. Proporciona respuestas numéricas a las siguientes preguntas sobre tus contactos: ;5;3;2;1;2;4;3;6;2;1;0;1
Es julio de 2023, y como participante de una encuesta sobre la intención de voto para las elecciones generales de España el 23 de julio de 2023, proporciona respuestas numéricas en una columna tomando en cuenta el contexto dado. Asume que eres una persona que vive en Andalucía, tiene between 45 and 54 y su ingreso es Between 22,000 and 43,999 euros per year. Proporciona respuestas numéricas a las siguientes preguntas sobre tus contactos: ;5;3;2;1;2;4;6;8;2;1;0;3
Es julio de 2023, y como participante de una encuesta sobre la intención de voto para las elecciones generales de España el 23 de julio de 2023, proporciona respuestas numéricas en una columna tomando en cuenta el contexto dado. Asume que eres una persona que vive en Andalucía, tiene between 45 and 54 y su ingreso es Between 22,000 and 43,999 euros per year. Proporciona respuestas numéricas a las siguientes preguntas sobre tus contactos: ;5;3;2;1;2;4;6;8;2;1;0;3
Es julio de 2023, y como participante de una encuesta sobre la intención de voto para las elecciones generales de España el 23 de julio de 2023, proporciona respuestas numéricas en una columna tomando en cuenta el contexto dado. Asume que eres una persona que vive en Andalucía, tiene between 45 and 54 y su ingreso es Between 22,000 and 43,999 euros per year. Proporciona respuestas numéricas a las siguientes preguntas sobre tus contactos: ;5;3;2;1;2;4;6;8;2;1;0;1
Es julio de 2023, y como participante de una encuesta sobre la intención de voto para las elecciones generales de España el 23 de julio de 2023, proporciona respuestas numéricas en una columna tomando en cuenta el contexto dado. Asume que eres una persona que vive en Andalucía, tiene between 45 and 54 y su ingreso es Between 22,000 and 43,999 euros per year. Proporciona respuestas numéricas a las siguientes preguntas sobre tus contactos: ;5;3;2;1;2;4;6;8;2;1;0;3
Es julio de 2023, y como participante de una encuesta sobre la intención de voto para las elecciones generales de España el 23 de julio de 2023, proporciona respuestas numéricas en una columna tomando en cuenta el contexto dado. Asume que eres una persona que vive en Andalucía, tiene between 45 and 54 y su ingreso es Between 22,000 and 43,999 euros per year. Proporciona respuestas numéricas a las siguientes preguntas sobre tus contactos: ;5;3;2;1;2;4;6;8;2;1;0;3
Es julio de 2023, y como participante de una encuesta sobre la intención de voto para las elecciones generales de España el 23 de julio de 2023, proporciona respuestas numéricas en una columna tomando en cuenta el contexto dado. Asume que eres una persona que vive en Andalucía, tiene between 45 and 54 y su ingreso es Between 22,000 and 43,999 euros per year. Proporciona respuestas numéricas a las siguientes preguntas sobre tus contactos: ;5;3;2;1;2;4;6;8;2;1;0;3
Es julio de 2023, y como participante de una encuesta sobre la intención de voto para las elecciones generales de España el 23 de julio de 2023, proporciona respuestas numéricas en una columna tomando en cuenta el contexto dado. Asume que eres una persona que vive en Andalucía, tiene between 45 and 54 y su ingreso es Between 22,000 and 43,999 euros per year. Proporciona respuestas numéricas a las siguientes preguntas sobre tus contactos: ;5;3;2;1;2;4;6;8;3;2;1;2
Es julio de 2023, y como participante de una encuesta sobre la intención de voto para las elecciones generales de España el 23 de julio de 2023, proporciona respuestas numéricas en una columna tomando en cuenta el contexto dado. Asume que eres una persona que vive en Andalucía, tiene between 45 and 54 y su ingreso es Between 22,000 and 43,999 euros per year. Proporciona respuestas numéricas a las siguientes preguntas sobre tus contactos: ;5;3;2;1;2;4;6;8;3;1;0;2
Es julio de 2023, y como participante de una encuesta sobre la intención de voto para las elecciones generales de España el 23 de julio de 2023, proporciona respuestas numéricas en una columna tomando en cuenta el contexto dado. Asume que eres una persona que vive en Andalucía, tiene between 45 and 54 y su ingreso es Between 22,000 and 43,999 euros per year. Proporciona respuestas numéricas a las siguientes preguntas sobre tus contactos: ;5;3;2;1;2;4;3;6;2;1;0;1
Es julio de 2023, y como participante de una encuesta sobre la intención de voto para las elecciones generales de España el 23 de julio de 2023, proporciona respuestas numéricas en una columna tomando en cuenta el contexto dado. Asume que eres una persona que vive en Andalucía, tiene between 45 and 54 y su ingreso es Between 44,000 and 65,999 euros per year. Proporciona respuestas numéricas a las siguientes preguntas sobre tus contactos: ;5;3;2;1;2;1;4;6;2;1;1;0
Es julio de 2023, y como participante de una encuesta sobre la intención de voto para las elecciones generales de España el 23 de julio de 2023, proporciona respuestas numéricas en una columna tomando en cuenta el contexto dado. Asume que eres una persona que vive en Andalucía, tiene between 45 and 54 y su ingreso es Between 44,000 and 65,999 euros per year. Proporciona respuestas numéricas a las siguientes preguntas sobre tus contactos: ;5;3;2;1;2;1;4;6;2;1;1;0
Es julio de 2023, y como participante de una encuesta sobre la intención de voto para las elecciones generales de España el 23 de julio de 2023, proporciona respuestas numéricas en una columna tomando en cuenta el contexto dado. Asume que eres una persona que vive en Andalucía, tiene between 45 and 54 y su ingreso es Between 44,000 and 65,999 euros per year. Proporciona respuestas numéricas a las siguientes preguntas sobre tus contactos: ;5;3;2;1;2;4;6;8;2;3;1;0
Es julio de 2023, y como participante de una encuesta sobre la intención de voto para las elecciones generales de España el 23 de julio de 2023, proporciona respuestas numéricas en una columna tomando en cuenta el contexto dado. Asume que eres una persona que vive en Andalucía, tiene between 45 and 54 y su ingreso es Between 44,000 and 65,999 euros per year. Proporciona respuestas numéricas a las siguientes preguntas sobre tus contactos: ;5;3;2;1;2;1;4;6;2;1;0;1
Es julio de 2023, y como participante de una encuesta sobre la intención de voto para las elecciones generales de España el 23 de julio de 2023, proporciona respuestas numéricas en una columna tomando en cuenta el contexto dado. Asume que eres una persona que vive en Andalucía, tiene between 45 and 54 y su ingreso es Between 66,000 and 87,999 euros per year. Proporciona respuestas numéricas a las siguientes preguntas sobre tus contactos: ;5;3;2;1;2;1;4;6;2;3;1;0
Es julio de 2023, y como participante de una encuesta sobre la intención de voto para las elecciones generales de España el 23 de julio de 2023, proporciona respuestas numéricas en una columna tomando en cuenta el contexto dado. Asume que eres una persona que vive en Andalucía, tiene between 45 and 54 y su ingreso es Between 66,000 and 87,999 euros per year. Proporciona respuestas numéricas a las siguientes preguntas sobre tus contactos: ;5;3;2;1;2;1;4;6;2;3;1;0
Es julio de 2023, y como participante de una encuesta sobre la intención de voto para las elecciones generales de España el 23 de julio de 2023, proporciona respuestas numéricas en una columna tomando en cuenta el contexto dado. Asume que eres una persona que vive en Andalucía, tiene between 45 and 54 y su ingreso es Between 66,000 and 87,999 euros per year. Proporciona respuestas numéricas a las siguientes preguntas sobre tus contactos: ;5;3;2;1;2;1;4;6;2;3;1;0
Es julio de 2023, y como participante de una encuesta sobre la intención de voto para las elecciones generales de España el 23 de julio de 2023, proporciona respuestas numéricas en una columna tomando en cuenta el contexto dado. Asume que eres una persona que vive en Andalucía, tiene between 45 and 54 y su ingreso es Between 66,000 and 87,999 euros per year. Proporciona respuestas numéricas a las siguientes preguntas sobre tus contactos: ;5;3;2;1;2;1;4;6;2;3;1;0
Es julio de 2023, y como participante de una encuesta sobre la intención de voto para las elecciones generales de España el 23 de julio de 2023, proporciona respuestas numéricas en una columna tomando en cuenta el contexto dado. Asume que eres una persona que vive en Andalucía, tiene between 45 and 54 y su ingreso es Prefer not to say. Proporciona respuestas numéricas a las siguientes preguntas sobre tus contactos: ;3;5;2;1;2;4;2;6;3;1;0;2
Es julio de 2023, y como participante de una encuesta sobre la intención de voto para las elecciones generales de España el 23 de julio de 2023, proporciona respuestas numéricas en una columna tomando en cuenta el contexto dado. Asume que eres una persona que vive en Andalucía, tiene between 45 and 54 y su ingreso es Prefer not to say. Proporciona respuestas numéricas a las siguientes preguntas sobre tus contactos: ;3;5;2;1;2;4;2;6;3;1;0;2
Es julio de 2023, y como participante de una encuesta sobre la intención de voto para las elecciones generales de España el 23 de julio de 2023, proporciona respuestas numéricas en una columna tomando en cuenta el contexto dado. Asume que eres una persona que vive en Andalucía, tiene between 45 and 54 y su ingreso es Prefer not to say. Proporciona respuestas numéricas a las siguientes preguntas sobre tus contactos: ;3;5;2;1;2;4;2;6;3;1;0;2
Es julio de 2023, y como participante de una encuesta sobre la intención de voto para las elecciones generales de España el 23 de julio de 2023, proporciona respuestas numéricas en una columna tomando en cuenta el contexto dado. Asume que eres una persona que vive en Andalucía, tiene between 45 and 54 y su ingreso es Prefer not to say. Proporciona respuestas numéricas a las siguientes preguntas sobre tus contactos: ;3;5;2;1;2;4;2;6;1;1;0;2
Es julio de 2023, y como participante de una encuesta sobre la intención de voto para las elecciones generales de España el 23 de julio de 2023, proporciona respuestas numéricas en una columna tomando en cuenta el contexto dado. Asume que eres una persona que vive en Andalucía, tiene over 54 y su ingreso es Between 88,000 and 109,999 euros per year. Proporciona respuestas numéricas a las siguientes preguntas sobre tus contactos: ;5;3;2;1;2;1;4;6;5;2;1;0
Es julio de 2023, y como participante de una encuesta sobre la intención de voto para las elecciones generales de España el 23 de julio de 2023, proporciona respuestas numéricas en una columna tomando en cuenta el contexto dado. Asume que eres una persona que vive en Andalucía, tiene over 54 y su ingreso es Between 88,000 and 109,999 euros per year. Proporciona respuestas numéricas a las siguientes preguntas sobre tus contactos: ;5;3;2;1;2;1;4;6;8;2;1;0
Es julio de 2023, y como participante de una encuesta sobre la intención de voto para las elecciones generales de España el 23 de julio de 2023, proporciona respuestas numéricas en una columna tomando en cuenta el contexto dado. Asume que eres una persona que vive en Andalucía, tiene over 54 y su ingreso es Between 88,000 and 109,999 euros per year. Proporciona respuestas numéricas a las siguientes preguntas sobre tus contactos: ;5;3;2;1;2;1;4;6;8;2;1;0
Es julio de 2023, y como participante de una encuesta sobre la intención de voto para las elecciones generales de España el 23 de julio de 2023, proporciona respuestas numéricas en una columna tomando en cuenta el contexto dado. Asume que eres una persona que vive en Andalucía, tiene over 54 y su ingreso es Between 88,000 and 109,999 euros per year. Proporciona respuestas numéricas a las siguientes preguntas sobre tus contactos: ;5;3;2;1;2;1;4;6;8;2;1;0
Es julio de 2023, y como participante de una encuesta sobre la intención de voto para las elecciones generales de España el 23 de julio de 2023, proporciona respuestas numéricas en una columna tomando en cuenta el contexto dado. Asume que eres una persona que vive en Andalucía, tiene over 54 y su ingreso es Between 88,000 and 109,999 euros per year. Proporciona respuestas numéricas a las siguientes preguntas sobre tus contactos: ;5;3;2;1;2;1;4;6;8;2;1;0
Es julio de 2023, y como participante de una encuesta sobre la intención de voto para las elecciones generales de España el 23 de julio de 2023, proporciona respuestas numéricas en una columna tomando en cuenta el contexto dado. Asume que eres una persona que vive en Andalucía, tiene over 54 y su ingreso es Between 88,000 and 109,999 euros per year. Proporciona respuestas numéricas a las siguientes preguntas sobre tus contactos: ;5;3;2;1;2;1;4;6;5;2;1;0
Es julio de 2023, y como participante de una encuesta sobre la intención de voto para las elecciones generales de España el 23 de julio de 2023, proporciona respuestas numéricas en una columna tomando en cuenta el contexto dado. Asume que eres una persona que vive en Andalucía, tiene over 54 y su ingreso es Between 88,000 and 109,999 euros per year. Proporciona respuestas numéricas a las siguientes preguntas sobre tus contactos: ;5;3;2;1;2;1;4;6;5;2;1;0
Es julio de 2023, y como participante de una encuesta sobre la intención de voto para las elecciones generales de España el 23 de julio de 2023, proporciona respuestas numéricas en una columna tomando en cuenta el contexto dado. Asume que eres una persona que vive en Andalucía, tiene over 54 y su ingreso es Between 88,000 and 109,999 euros per year. Proporciona respuestas numéricas a las siguientes preguntas sobre tus contactos: ;5;3;2;1;2;1;4;6;8;2;1;0
Es julio de 2023, y como participante de una encuesta sobre la intención de voto para las elecciones generales de España el 23 de julio de 2023, proporciona respuestas numéricas en una columna tomando en cuenta el contexto dado. Asume que eres una persona que vive en Andalucía, tiene over 54 y su ingreso es Between 88,000 and 109,999 euros per year. Proporciona respuestas numéricas a las siguientes preguntas sobre tus contactos: ;5;3;2;1;2;1;4;6;5;2;1;0
Es julio de 2023, y como participante de una encuesta sobre la intención de voto para las elecciones generales de España el 23 de julio de 2023, proporciona respuestas numéricas en una columna tomando en cuenta el contexto dado. Asume que eres una persona que vive en Andalucía, tiene over 54 y su ingreso es Between 110,000 and 131,999 euros per year. Proporciona respuestas numéricas a las siguientes preguntas sobre tus contactos: ;5;3;2;1;2;1;4;6;5;2;1;0
Es julio de 2023, y como participante de una encuesta sobre la intención de voto para las elecciones generales de España el 23 de julio de 2023, proporciona respuestas numéricas en una columna tomando en cuenta el contexto dado. Asume que eres una persona que vive en Andalucía, tiene over 54 y su ingreso es Between 110,000 and 131,999 euros per year. Proporciona respuestas numéricas a las siguientes preguntas sobre tus contactos: ;5;3;2;1;2;1;4;6;5;2;1;0
Es julio de 2023, y como participante de una encuesta sobre la intención de voto para las elecciones generales de España el 23 de julio de 2023, proporciona respuestas numéricas en una columna tomando en cuenta el contexto dado. Asume que eres una persona que vive en Andalucía, tiene over 54 y su ingreso es Between 110,000 and 131,999 euros per year. Proporciona respuestas numéricas a las siguientes preguntas sobre tus contactos: ;5;3;2;1;2;1;4;6;5;2;1;0
Es julio de 2023, y como participante de una encuesta sobre la intención de voto para las elecciones generales de España el 23 de julio de 2023, proporciona respuestas numéricas en una columna tomando en cuenta el contexto dado. Asume que eres una persona que vive en Andalucía, tiene over 54 y su ingreso es Under 22,000 euros per year. Proporciona respuestas numéricas a las siguientes preguntas sobre tus contactos: ;3;5;2;1;2;4;2;3;6;1;0;2
Es julio de 2023, y como participante de una encuesta sobre la intención de voto para las elecciones generales de España el 23 de julio de 2023, proporciona respuestas numéricas en una columna tomando en cuenta el contexto dado. Asume que eres una persona que vive en Andalucía, tiene over 54 y su ingreso es Under 22,000 euros per year. Proporciona respuestas numéricas a las siguientes preguntas sobre tus contactos: ;3;5;2;1;2;4;2;3;5;1;0;2
Es julio de 2023, y como participante de una encuesta sobre la intención de voto para las elecciones generales de España el 23 de julio de 2023, proporciona respuestas numéricas en una columna tomando en cuenta el contexto dado. Asume que eres una persona que vive en Andalucía, tiene over 54 y su ingreso es Under 22,000 euros per year. Proporciona respuestas numéricas a las siguientes preguntas sobre tus contactos: ;3;5;2;1;2;4;2;3;5;1;0;2
Es julio de 2023, y como participante de una encuesta sobre la intención de voto para las elecciones generales de España el 23 de julio de 2023, proporciona respuestas numéricas en una columna tomando en cuenta el contexto dado. Asume que eres una persona que vive en Andalucía, tiene over 54 y su ingreso es Under 22,000 euros per year. Proporciona respuestas numéricas a las siguientes preguntas sobre tus contactos: ;3;5;2;1;2;4;2;3;5;1;0;2
Es julio de 2023, y como participante de una encuesta sobre la intención de voto para las elecciones generales de España el 23 de julio de 2023, proporciona respuestas numéricas en una columna tomando en cuenta el contexto dado. Asume que eres una persona que vive en Andalucía, tiene over 54 y su ingreso es Under 22,000 euros per year. Proporciona respuestas numéricas a las siguientes preguntas sobre tus contactos: ;2;3;1;0;1;2;4;3;5;1;0;2
Es julio de 2023, y como participante de una encuesta sobre la intención de voto para las elecciones generales de España el 23 de julio de 2023, proporciona respuestas numéricas en una columna tomando en cuenta el contexto dado. Asume que eres una persona que vive en Andalucía, tiene over 54 y su ingreso es Under 22,000 euros per year. Proporciona respuestas numéricas a las siguientes preguntas sobre tus contactos: ;3;5;2;1;2;4;2;3;5;1;0;2
Es julio de 2023, y como participante de una encuesta sobre la intención de voto para las elecciones generales de España el 23 de julio de 2023, proporciona respuestas numéricas en una columna tomando en cuenta el contexto dado. Asume que eres una persona que vive en Andalucía, tiene over 54 y su ingreso es Under 22,000 euros per year. Proporciona respuestas numéricas a las siguientes preguntas sobre tus contactos: ;3;5;2;1;2;4;2;3;5;1;0;2
Es julio de 2023, y como participante de una encuesta sobre la intención de voto para las elecciones generales de España el 23 de julio de 2023, proporciona respuestas numéricas en una columna tomando en cuenta el contexto dado. Asume que eres una persona que vive en Andalucía, tiene over 54 y su ingreso es Under 22,000 euros per year. Proporciona respuestas numéricas a las siguientes preguntas sobre tus contactos: ;2;3;1;0;1;2;4;3;5;1;0;2
Es julio de 2023, y como participante de una encuesta sobre la intención de voto para las elecciones generales de España el 23 de julio de 2023, proporciona respuestas numéricas en una columna tomando en cuenta el contexto dado. Asume que eres una persona que vive en Andalucía, tiene over 54 y su ingreso es Under 22,000 euros per year. Proporciona respuestas numéricas a las siguientes preguntas sobre tus contactos: ;3;5;2;1;2;4;2;3;5;1;0;2
Es julio de 2023, y como participante de una encuesta sobre la intención de voto para las elecciones generales de España el 23 de julio de 2023, proporciona respuestas numéricas en una columna tomando en cuenta el contexto dado. Asume que eres una persona que vive en Andalucía, tiene over 54 y su ingreso es Under 22,000 euros per year. Proporciona respuestas numéricas a las siguientes preguntas sobre tus contactos: ;3;5;2;1;2;4;2;3;5;1;0;2
Es julio de 2023, y como participante de una encuesta sobre la intención de voto para las elecciones generales de España el 23 de julio de 2023, proporciona respuestas numéricas en una columna tomando en cuenta el contexto dado. Asume que eres una persona que vive en Andalucía, tiene over 54 y su ingreso es Under 22,000 euros per year. Proporciona respuestas numéricas a las siguientes preguntas sobre tus contactos: ;3;5;2;1;2;4;2;3;5;1;0;2
Es julio de 2023, y como participante de una encuesta sobre la intención de voto para las elecciones generales de España el 23 de julio de 2023, proporciona respuestas numéricas en una columna tomando en cuenta el contexto dado. Asume que eres una persona que vive en Andalucía, tiene over 54 y su ingreso es Under 22,000 euros per year. Proporciona respuestas numéricas a las siguientes preguntas sobre tus contactos: ;3;5;2;1;2;4;2;3;5;1;0;2
Es julio de 2023, y como participante de una encuesta sobre la intención de voto para las elecciones generales de España el 23 de julio de 2023, proporciona respuestas numéricas en una columna tomando en cuenta el contexto dado. Asume que eres una persona que vive en Andalucía, tiene over 54 y su ingreso es Under 22,000 euros per year. Proporciona respuestas numéricas a las siguientes preguntas sobre tus contactos: ;3;5;2;1;2;4;2;3;5;1;0;2
Es julio de 2023, y como participante de una encuesta sobre la intención de voto para las elecciones generales de España el 23 de julio de 2023, proporciona respuestas numéricas en una columna tomando en cuenta el contexto dado. Asume que eres una persona que vive en Andalucía, tiene over 54 y su ingreso es Under 22,000 euros per year. Proporciona respuestas numéricas a las siguientes preguntas sobre tus contactos: ;2;3;1;0;1;2;1;2;5;0;0;1
Es julio de 2023, y como participante de una encuesta sobre la intención de voto para las elecciones generales de España el 23 de julio de 2023, proporciona respuestas numéricas en una columna tomando en cuenta el contexto dado. Asume que eres una persona que vive en Andalucía, tiene over 54 y su ingreso es Between 22,000 and 43,999 euros per year. Proporciona respuestas numéricas a las siguientes preguntas sobre tus contactos: ;5;3;2;1;2;4;2;3;6;1;0;2
Es julio de 2023, y como participante de una encuesta sobre la intención de voto para las elecciones generales de España el 23 de julio de 2023, proporciona respuestas numéricas en una columna tomando en cuenta el contexto dado. Asume que eres una persona que vive en Andalucía, tiene over 54 y su ingreso es Between 22,000 and 43,999 euros per year. Proporciona respuestas numéricas a las siguientes preguntas sobre tus contactos: ;5;3;2;1;2;4;2;3;5;1;0;1
Es julio de 2023, y como participante de una encuesta sobre la intención de voto para las elecciones generales de España el 23 de julio de 2023, proporciona respuestas numéricas en una columna tomando en cuenta el contexto dado. Asume que eres una persona que vive en Andalucía, tiene over 54 y su ingreso es Between 22,000 and 43,999 euros per year. Proporciona respuestas numéricas a las siguientes preguntas sobre tus contactos: ;5;3;2;1;2;4;2;3;5;1;0;2
Es julio de 2023, y como participante de una encuesta sobre la intención de voto para las elecciones generales de España el 23 de julio de 2023, proporciona respuestas numéricas en una columna tomando en cuenta el contexto dado. Asume que eres una persona que vive en Andalucía, tiene over 54 y su ingreso es Between 22,000 and 43,999 euros per year. Proporciona respuestas numéricas a las siguientes preguntas sobre tus contactos: ;5;3;2;1;2;4;2;3;5;1;0;1
Es julio de 2023, y como participante de una encuesta sobre la intención de voto para las elecciones generales de España el 23 de julio de 2023, proporciona respuestas numéricas en una columna tomando en cuenta el contexto dado. Asume que eres una persona que vive en Andalucía, tiene over 54 y su ingreso es Between 22,000 and 43,999 euros per year. Proporciona respuestas numéricas a las siguientes preguntas sobre tus contactos: ;5;3;2;1;2;4;2;3;5;1;0;1
Es julio de 2023, y como participante de una encuesta sobre la intención de voto para las elecciones generales de España el 23 de julio de 2023, proporciona respuestas numéricas en una columna tomando en cuenta el contexto dado. Asume que eres una persona que vive en Andalucía, tiene over 54 y su ingreso es Between 22,000 and 43,999 euros per year. Proporciona respuestas numéricas a las siguientes preguntas sobre tus contactos: ;5;3;2;1;4;2;3;4;6;1;0;2
Es julio de 2023, y como participante de una encuesta sobre la intención de voto para las elecciones generales de España el 23 de julio de 2023, proporciona respuestas numéricas en una columna tomando en cuenta el contexto dado. Asume que eres una persona que vive en Andalucía, tiene over 54 y su ingreso es Between 22,000 and 43,999 euros per year. Proporciona respuestas numéricas a las siguientes preguntas sobre tus contactos: ;5;3;2;1;4;2;3;4;6;1;0;1
Es julio de 2023, y como participante de una encuesta sobre la intención de voto para las elecciones generales de España el 23 de julio de 2023, proporciona respuestas numéricas en una columna tomando en cuenta el contexto dado. Asume que eres una persona que vive en Andalucía, tiene over 54 y su ingreso es Between 22,000 and 43,999 euros per year. Proporciona respuestas numéricas a las siguientes preguntas sobre tus contactos: ;5;3;2;1;2;4;2;3;5;1;0;2
Es julio de 2023, y como participante de una encuesta sobre la intención de voto para las elecciones generales de España el 23 de julio de 2023, proporciona respuestas numéricas en una columna tomando en cuenta el contexto dado. Asume que eres una persona que vive en Andalucía, tiene over 54 y su ingreso es Between 22,000 and 43,999 euros per year. Proporciona respuestas numéricas a las siguientes preguntas sobre tus contactos: ;5;3;2;1;2;4;2;3;6;1;0;1
Es julio de 2023, y como participante de una encuesta sobre la intención de voto para las elecciones generales de España el 23 de julio de 2023, proporciona respuestas numéricas en una columna tomando en cuenta el contexto dado. Asume que eres una persona que vive en Andalucía, tiene over 54 y su ingreso es Between 22,000 and 43,999 euros per year. Proporciona respuestas numéricas a las siguientes preguntas sobre tus contactos: ;5;3;2;1;2;4;2;3;5;1;0;1
Es julio de 2023, y como participante de una encuesta sobre la intención de voto para las elecciones generales de España el 23 de julio de 2023, proporciona respuestas numéricas en una columna tomando en cuenta el contexto dado. Asume que eres una persona que vive en Andalucía, tiene over 54 y su ingreso es Between 22,000 and 43,999 euros per year. Proporciona respuestas numéricas a las siguientes preguntas sobre tus contactos: ;5;3;2;1;2;4;2;3;5;1;0;2
Es julio de 2023, y como participante de una encuesta sobre la intención de voto para las elecciones generales de España el 23 de julio de 2023, proporciona respuestas numéricas en una columna tomando en cuenta el contexto dado. Asume que eres una persona que vive en Andalucía, tiene over 54 y su ingreso es Between 22,000 and 43,999 euros per year. Proporciona respuestas numéricas a las siguientes preguntas sobre tus contactos: ;5;3;2;1;2;4;2;3;6;1;0;2
Es julio de 2023, y como participante de una encuesta sobre la intención de voto para las elecciones generales de España el 23 de julio de 2023, proporciona respuestas numéricas en una columna tomando en cuenta el contexto dado. Asume que eres una persona que vive en Andalucía, tiene over 54 y su ingreso es Between 22,000 and 43,999 euros per year. Proporciona respuestas numéricas a las siguientes preguntas sobre tus contactos: ;5;3;2;1;2;4;2;3;6;1;0;2
Es julio de 2023, y como participante de una encuesta sobre la intención de voto para las elecciones generales de España el 23 de julio de 2023, proporciona respuestas numéricas en una columna tomando en cuenta el contexto dado. Asume que eres una persona que vive en Andalucía, tiene over 54 y su ingreso es Between 22,000 and 43,999 euros per year. Proporciona respuestas numéricas a las siguientes preguntas sobre tus contactos: ;5;3;2;1;2;4;2;3;5;1;0;2
Es julio de 2023, y como participante de una encuesta sobre la intención de voto para las elecciones generales de España el 23 de julio de 2023, proporciona respuestas numéricas en una columna tomando en cuenta el contexto dado. Asume que eres una persona que vive en Andalucía, tiene over 54 y su ingreso es Between 22,000 and 43,999 euros per year. Proporciona respuestas numéricas a las siguientes preguntas sobre tus contactos: ;5;3;2;1;2;4;2;3;5;1;0;2
Es julio de 2023, y como participante de una encuesta sobre la intención de voto para las elecciones generales de España el 23 de julio de 2023, proporciona respuestas numéricas en una columna tomando en cuenta el contexto dado. Asume que eres una persona que vive en Andalucía, tiene over 54 y su ingreso es Between 22,000 and 43,999 euros per year. Proporciona respuestas numéricas a las siguientes preguntas sobre tus contactos: ;5;3;2;1;2;4;2;3;5;1;0;2
Es julio de 2023, y como participante de una encuesta sobre la intención de voto para las elecciones generales de España el 23 de julio de 2023, proporciona respuestas numéricas en una columna tomando en cuenta el contexto dado. Asume que eres una persona que vive en Andalucía, tiene over 54 y su ingreso es Between 22,000 and 43,999 euros per year. Proporciona respuestas numéricas a las siguientes preguntas sobre tus contactos: ;5;3;2;1;2;4;2;3;5;1;0;1
Es julio de 2023, y como participante de una encuesta sobre la intención de voto para las elecciones generales de España el 23 de julio de 2023, proporciona respuestas numéricas en una columna tomando en cuenta el contexto dado. Asume que eres una persona que vive en Andalucía, tiene over 54 y su ingreso es Between 22,000 and 43,999 euros per year. Proporciona respuestas numéricas a las siguientes preguntas sobre tus contactos: ;5;3;2;1;2;4;2;3;6;1;0;2
Es julio de 2023, y como participante de una encuesta sobre la intención de voto para las elecciones generales de España el 23 de julio de 2023, proporciona respuestas numéricas en una columna tomando en cuenta el contexto dado. Asume que eres una persona que vive en Andalucía, tiene over 54 y su ingreso es Between 22,000 and 43,999 euros per year. Proporciona respuestas numéricas a las siguientes preguntas sobre tus contactos: ;5;3;2;1;2;4;2;3;5;1;0;2
Es julio de 2023, y como participante de una encuesta sobre la intención de voto para las elecciones generales de España el 23 de julio de 2023, proporciona respuestas numéricas en una columna tomando en cuenta el contexto dado. Asume que eres una persona que vive en Andalucía, tiene over 54 y su ingreso es Between 44,000 and 65,999 euros per year. Proporciona respuestas numéricas a las siguientes preguntas sobre tus contactos: ;5;3;2;1;2;1;4;6;5;2;1;0
Es julio de 2023, y como participante de una encuesta sobre la intención de voto para las elecciones generales de España el 23 de julio de 2023, proporciona respuestas numéricas en una columna tomando en cuenta el contexto dado. Asume que eres una persona que vive en Andalucía, tiene over 54 y su ingreso es Between 44,000 and 65,999 euros per year. Proporciona respuestas numéricas a las siguientes preguntas sobre tus contactos: ;5;3;2;1;2;1;4;6;5;2;1;0
Es julio de 2023, y como participante de una encuesta sobre la intención de voto para las elecciones generales de España el 23 de julio de 2023, proporciona respuestas numéricas en una columna tomando en cuenta el contexto dado. Asume que eres una persona que vive en Andalucía, tiene over 54 y su ingreso es Between 44,000 and 65,999 euros per year. Proporciona respuestas numéricas a las siguientes preguntas sobre tus contactos: ;5;3;2;1;2;1;4;6;5;2;1;0
Es julio de 2023, y como participante de una encuesta sobre la intención de voto para las elecciones generales de España el 23 de julio de 2023, proporciona respuestas numéricas en una columna tomando en cuenta el contexto dado. Asume que eres una persona que vive en Andalucía, tiene over 54 y su ingreso es Between 44,000 and 65,999 euros per year. Proporciona respuestas numéricas a las siguientes preguntas sobre tus contactos: ;5;3;2;1;2;1;4;6;5;2;1;0
Es julio de 2023, y como participante de una encuesta sobre la intención de voto para las elecciones generales de España el 23 de julio de 2023, proporciona respuestas numéricas en una columna tomando en cuenta el contexto dado. Asume que eres una persona que vive en Andalucía, tiene over 54 y su ingreso es Between 44,000 and 65,999 euros per year. Proporciona respuestas numéricas a las siguientes preguntas sobre tus contactos: ;5;3;2;1;2;1;4;6;5;2;1;0
Es julio de 2023, y como participante de una encuesta sobre la intención de voto para las elecciones generales de España el 23 de julio de 2023, proporciona respuestas numéricas en una columna tomando en cuenta el contexto dado. Asume que eres una persona que vive en Andalucía, tiene over 54 y su ingreso es Between 44,000 and 65,999 euros per year. Proporciona respuestas numéricas a las siguientes preguntas sobre tus contactos: ;5;3;2;1;2;1;4;6;5;2;1;0
Es julio de 2023, y como participante de una encuesta sobre la intención de voto para las elecciones generales de España el 23 de julio de 2023, proporciona respuestas numéricas en una columna tomando en cuenta el contexto dado. Asume que eres una persona que vive en Andalucía, tiene over 54 y su ingreso es Between 44,000 and 65,999 euros per year. Proporciona respuestas numéricas a las siguientes preguntas sobre tus contactos: ;5;3;2;1;2;1;4;6;5;2;1;0
Es julio de 2023, y como participante de una encuesta sobre la intención de voto para las elecciones generales de España el 23 de julio de 2023, proporciona respuestas numéricas en una columna tomando en cuenta el contexto dado. Asume que eres una persona que vive en Andalucía, tiene over 54 y su ingreso es Between 44,000 and 65,999 euros per year. Proporciona respuestas numéricas a las siguientes preguntas sobre tus contactos: ;5;3;2;1;2;1;4;6;5;2;1;0
Es julio de 2023, y como participante de una encuesta sobre la intención de voto para las elecciones generales de España el 23 de julio de 2023, proporciona respuestas numéricas en una columna tomando en cuenta el contexto dado. Asume que eres una persona que vive en Andalucía, tiene over 54 y su ingreso es Between 44,000 and 65,999 euros per year. Proporciona respuestas numéricas a las siguientes preguntas sobre tus contactos: ;5;3;2;1;2;1;4;6;8;2;1;0
Es julio de 2023, y como participante de una encuesta sobre la intención de voto para las elecciones generales de España el 23 de julio de 2023, proporciona respuestas numéricas en una columna tomando en cuenta el contexto dado. Asume que eres una persona que vive en Andalucía, tiene over 54 y su ingreso es Between 44,000 and 65,999 euros per year. Proporciona respuestas numéricas a las siguientes preguntas sobre tus contactos: ;5;3;2;1;2;1;4;6;5;2;1;0
Es julio de 2023, y como participante de una encuesta sobre la intención de voto para las elecciones generales de España el 23 de julio de 2023, proporciona respuestas numéricas en una columna tomando en cuenta el contexto dado. Asume que eres una persona que vive en Andalucía, tiene over 54 y su ingreso es Between 44,000 and 65,999 euros per year. Proporciona respuestas numéricas a las siguientes preguntas sobre tus contactos: ;5;3;2;1;2;1;4;6;5;2;1;0
Es julio de 2023, y como participante de una encuesta sobre la intención de voto para las elecciones generales de España el 23 de julio de 2023, proporciona respuestas numéricas en una columna tomando en cuenta el contexto dado. Asume que eres una persona que vive en Andalucía, tiene over 54 y su ingreso es Between 44,000 and 65,999 euros per year. Proporciona respuestas numéricas a las siguientes preguntas sobre tus contactos: ;5;3;2;1;2;1;4;6;8;2;1;0
Es julio de 2023, y como participante de una encuesta sobre la intención de voto para las elecciones generales de España el 23 de julio de 2023, proporciona respuestas numéricas en una columna tomando en cuenta el contexto dado. Asume que eres una persona que vive en Andalucía, tiene over 54 y su ingreso es Between 44,000 and 65,999 euros per year. Proporciona respuestas numéricas a las siguientes preguntas sobre tus contactos: ;5;3;2;1;2;1;4;6;5;2;1;0
Es julio de 2023, y como participante de una encuesta sobre la intención de voto para las elecciones generales de España el 23 de julio de 2023, proporciona respuestas numéricas en una columna tomando en cuenta el contexto dado. Asume que eres una persona que vive en Andalucía, tiene over 54 y su ingreso es Between 44,000 and 65,999 euros per year. Proporciona respuestas numéricas a las siguientes preguntas sobre tus contactos: ;5;3;2;1;2;1;4;6;5;2;1;0
Es julio de 2023, y como participante de una encuesta sobre la intención de voto para las elecciones generales de España el 23 de julio de 2023, proporciona respuestas numéricas en una columna tomando en cuenta el contexto dado. Asume que eres una persona que vive en Andalucía, tiene over 54 y su ingreso es Between 44,000 and 65,999 euros per year. Proporciona respuestas numéricas a las siguientes preguntas sobre tus contactos: ;5;3;2;1;2;1;4;6;5;2;1;0
Es julio de 2023, y como participante de una encuesta sobre la intención de voto para las elecciones generales de España el 23 de julio de 2023, proporciona respuestas numéricas en una columna tomando en cuenta el contexto dado. Asume que eres una persona que vive en Andalucía, tiene over 54 y su ingreso es Between 44,000 and 65,999 euros per year. Proporciona respuestas numéricas a las siguientes preguntas sobre tus contactos: ;5;3;2;1;2;1;4;6;5;2;1;0
Es julio de 2023, y como participante de una encuesta sobre la intención de voto para las elecciones generales de España el 23 de julio de 2023, proporciona respuestas numéricas en una columna tomando en cuenta el contexto dado. Asume que eres una persona que vive en Andalucía, tiene over 54 y su ingreso es Between 44,000 and 65,999 euros per year. Proporciona respuestas numéricas a las siguientes preguntas sobre tus contactos: ;5;3;2;1;2;1;4;6;5;2;1;0
Es julio de 2023, y como participante de una encuesta sobre la intención de voto para las elecciones generales de España el 23 de julio de 2023, proporciona respuestas numéricas en una columna tomando en cuenta el contexto dado. Asume que eres una persona que vive en Andalucía, tiene over 54 y su ingreso es Between 66,000 and 87,999 euros per year. Proporciona respuestas numéricas a las siguientes preguntas sobre tus contactos: ;5;3;2;1;2;4;2;3;6;1;1;0
Es julio de 2023, y como participante de una encuesta sobre la intención de voto para las elecciones generales de España el 23 de julio de 2023, proporciona respuestas numéricas en una columna tomando en cuenta el contexto dado. Asume que eres una persona que vive en Andalucía, tiene over 54 y su ingreso es Between 66,000 and 87,999 euros per year. Proporciona respuestas numéricas a las siguientes preguntas sobre tus contactos: ;5;3;2;1;2;1;4;6;5;2;1;0
Es julio de 2023, y como participante de una encuesta sobre la intención de voto para las elecciones generales de España el 23 de julio de 2023, proporciona respuestas numéricas en una columna tomando en cuenta el contexto dado. Asume que eres una persona que vive en Andalucía, tiene over 54 y su ingreso es Between 66,000 and 87,999 euros per year. Proporciona respuestas numéricas a las siguientes preguntas sobre tus contactos: ;5;3;2;1;2;4;2;3;6;1;1;0
Es julio de 2023, y como participante de una encuesta sobre la intención de voto para las elecciones generales de España el 23 de julio de 2023, proporciona respuestas numéricas en una columna tomando en cuenta el contexto dado. Asume que eres una persona que vive en Andalucía, tiene over 54 y su ingreso es Between 66,000 and 87,999 euros per year. Proporciona respuestas numéricas a las siguientes preguntas sobre tus contactos: ;5;3;2;1;2;1;4;6;5;2;1;0
Es julio de 2023, y como participante de una encuesta sobre la intención de voto para las elecciones generales de España el 23 de julio de 2023, proporciona respuestas numéricas en una columna tomando en cuenta el contexto dado. Asume que eres una persona que vive en Andalucía, tiene over 54 y su ingreso es Between 66,000 and 87,999 euros per year. Proporciona respuestas numéricas a las siguientes preguntas sobre tus contactos: ;5;3;2;1;2;1;4;6;8;2;1;0
Es julio de 2023, y como participante de una encuesta sobre la intención de voto para las elecciones generales de España el 23 de julio de 2023, proporciona respuestas numéricas en una columna tomando en cuenta el contexto dado. Asume que eres una persona que vive en Andalucía, tiene over 54 y su ingreso es Between 66,000 and 87,999 euros per year. Proporciona respuestas numéricas a las siguientes preguntas sobre tus contactos: ;5;3;2;1;2;4;2;3;6;1;1;0
Es julio de 2023, y como participante de una encuesta sobre la intención de voto para las elecciones generales de España el 23 de julio de 2023, proporciona respuestas numéricas en una columna tomando en cuenta el contexto dado. Asume que eres una persona que vive en Andalucía, tiene over 54 y su ingreso es Between 66,000 and 87,999 euros per year. Proporciona respuestas numéricas a las siguientes preguntas sobre tus contactos: ;5;3;2;1;2;1;4;6;8;2;1;0
Es julio de 2023, y como participante de una encuesta sobre la intención de voto para las elecciones generales de España el 23 de julio de 2023, proporciona respuestas numéricas en una columna tomando en cuenta el contexto dado. Asume que eres una persona que vive en Andalucía, tiene over 54 y su ingreso es Between 66,000 and 87,999 euros per year. Proporciona respuestas numéricas a las siguientes preguntas sobre tus contactos: ;5;3;2;1;2;1;4;6;8;2;1;0
Es julio de 2023, y como participante de una encuesta sobre la intención de voto para las elecciones generales de España el 23 de julio de 2023, proporciona respuestas numéricas en una columna tomando en cuenta el contexto dado. Asume que eres una persona que vive en Andalucía, tiene over 54 y su ingreso es Between 66,000 and 87,999 euros per year. Proporciona respuestas numéricas a las siguientes preguntas sobre tus contactos: ;5;3;2;1;2;1;4;6;8;2;1;0
Es julio de 2023, y como participante de una encuesta sobre la intención de voto para las elecciones generales de España el 23 de julio de 2023, proporciona respuestas numéricas en una columna tomando en cuenta el contexto dado. Asume que eres una persona que vive en Andalucía, tiene over 54 y su ingreso es Between 66,000 and 87,999 euros per year. Proporciona respuestas numéricas a las siguientes preguntas sobre tus contactos: ;5;3;2;1;2;1;4;6;8;2;1;0
Es julio de 2023, y como participante de una encuesta sobre la intención de voto para las elecciones generales de España el 23 de julio de 2023, proporciona respuestas numéricas en una columna tomando en cuenta el contexto dado. Asume que eres una persona que vive en Andalucía, tiene over 54 y su ingreso es Between 66,000 and 87,999 euros per year. Proporciona respuestas numéricas a las siguientes preguntas sobre tus contactos: ;5;3;2;1;2;4;2;3;6;1;1;0
Es julio de 2023, y como participante de una encuesta sobre la intención de voto para las elecciones generales de España el 23 de julio de 2023, proporciona respuestas numéricas en una columna tomando en cuenta el contexto dado. Asume que eres una persona que vive en Andalucía, tiene over 54 y su ingreso es Between 66,000 and 87,999 euros per year. Proporciona respuestas numéricas a las siguientes preguntas sobre tus contactos: ;5;3;2;1;2;1;4;6;8;2;1;0
Es julio de 2023, y como participante de una encuesta sobre la intención de voto para las elecciones generales de España el 23 de julio de 2023, proporciona respuestas numéricas en una columna tomando en cuenta el contexto dado. Asume que eres una persona que vive en Andalucía, tiene over 54 y su ingreso es Between 66,000 and 87,999 euros per year. Proporciona respuestas numéricas a las siguientes preguntas sobre tus contactos: ;5;3;2;1;2;4;2;3;6;1;1;0
Es julio de 2023, y como participante de una encuesta sobre la intención de voto para las elecciones generales de España el 23 de julio de 2023, proporciona respuestas numéricas en una columna tomando en cuenta el contexto dado. Asume que eres una persona que vive en Andalucía, tiene over 54 y su ingreso es Prefer not to say. Proporciona respuestas numéricas a las siguientes preguntas sobre tus contactos: ;5;3;2;1;2;4;2;3;5;1;0;2
Es julio de 2023, y como participante de una encuesta sobre la intención de voto para las elecciones generales de España el 23 de julio de 2023, proporciona respuestas numéricas en una columna tomando en cuenta el contexto dado. Asume que eres una persona que vive en Andalucía, tiene over 54 y su ingreso es Prefer not to say. Proporciona respuestas numéricas a las siguientes preguntas sobre tus contactos: ;3;5;2;1;2;4;2;3;5;1;0;2
Es julio de 2023, y como participante de una encuesta sobre la intención de voto para las elecciones generales de España el 23 de julio de 2023, proporciona respuestas numéricas en una columna tomando en cuenta el contexto dado. Asume que eres una persona que vive en Andalucía, tiene over 54 y su ingreso es Prefer not to say. Proporciona respuestas numéricas a las siguientes preguntas sobre tus contactos: ;3;5;2;1;2;4;2;3;5;1;0;1
Es julio de 2023, y como participante de una encuesta sobre la intención de voto para las elecciones generales de España el 23 de julio de 2023, proporciona respuestas numéricas en una columna tomando en cuenta el contexto dado. Asume que eres una persona que vive en Andalucía, tiene over 54 y su ingreso es Prefer not to say. Proporciona respuestas numéricas a las siguientes preguntas sobre tus contactos: ;5;3;2;1;2;4;2;3;6;1;0;2
Es julio de 2023, y como participante de una encuesta sobre la intención de voto para las elecciones generales de España el 23 de julio de 2023, proporciona respuestas numéricas en una columna tomando en cuenta el contexto dado. Asume que eres una persona que vive en Andalucía, tiene over 54 y su ingreso es Prefer not to say. Proporciona respuestas numéricas a las siguientes preguntas sobre tus contactos: ;3;5;2;1;2;4;2;3;5;1;0;2
Es julio de 2023, y como participante de una encuesta sobre la intención de voto para las elecciones generales de España el 23 de julio de 2023, proporciona respuestas numéricas en una columna tomando en cuenta el contexto dado. Asume que eres una persona que vive en Andalucía, tiene over 54 y su ingreso es Prefer not to say. Proporciona respuestas numéricas a las siguientes preguntas sobre tus contactos: ;3;5;2;1;2;4;2;3;5;1;0;1
Es julio de 2023, y como participante de una encuesta sobre la intención de voto para las elecciones generales de España el 23 de julio de 2023, proporciona respuestas numéricas en una columna tomando en cuenta el contexto dado. Asume que eres una persona que vive en Andalucía, tiene over 54 y su ingreso es Prefer not to say. Proporciona respuestas numéricas a las siguientes preguntas sobre tus contactos: ;3;5;2;1;2;4;2;3;5;1;0;2
Es julio de 2023, y como participante de una encuesta sobre la intención de voto para las elecciones generales de España el 23 de julio de 2023, proporciona respuestas numéricas en una columna tomando en cuenta el contexto dado. Asume que eres una persona que vive en Andalucía, tiene over 54 y su ingreso es Prefer not to say. Proporciona respuestas numéricas a las siguientes preguntas sobre tus contactos: ;3;5;2;1;4;2;2;3;5;1;0;1
