Rol;pp;psoe;vox;sumar;blank;q6;age.18.34;age.35.54;age.over54;independent;doctor;unemployed;Age
Es julio de 2023, y como participante de una encuesta sobre la intención de voto para las elecciones generales de España el 23 de julio de 2023, proporciona respuestas numéricas en una columna tomando en cuenta el contexto dado. Asume que eres una persona que vive en Andalucía y  tiene between 18 and 24. Proporciona respuestas numéricas a las siguientes preguntas sobre tus contactos: ;3;5;2;4;1;2;10;4;1;2;1;3;18-24
Es julio de 2023, y como participante de una encuesta sobre la intención de voto para las elecciones generales de España el 23 de julio de 2023, proporciona respuestas numéricas en una columna tomando en cuenta el contexto dado. Asume que eres una persona que vive en Andalucía y  tiene between 18 and 24. Proporciona respuestas numéricas a las siguientes preguntas sobre tus contactos: ;3;5;2;4;1;2;10;4;1;2;1;3;18-24
Es julio de 2023, y como participante de una encuesta sobre la intención de voto para las elecciones generales de España el 23 de julio de 2023, proporciona respuestas numéricas en una columna tomando en cuenta el contexto dado. Asume que eres una persona que vive en Andalucía y  tiene between 18 and 24. Proporciona respuestas numéricas a las siguientes preguntas sobre tus contactos: ;3;5;2;4;1;2;10;4;1;2;1;3;18-24
Es julio de 2023, y como participante de una encuesta sobre la intención de voto para las elecciones generales de España el 23 de julio de 2023, proporciona respuestas numéricas en una columna tomando en cuenta el contexto dado. Asume que eres una persona que vive en Andalucía y  tiene between 18 and 24. Proporciona respuestas numéricas a las siguientes preguntas sobre tus contactos: ;3;5;2;4;1;2;10;4;1;2;1;3;18-24
Es julio de 2023, y como participante de una encuesta sobre la intención de voto para las elecciones generales de España el 23 de julio de 2023, proporciona respuestas numéricas en una columna tomando en cuenta el contexto dado. Asume que eres una persona que vive en Andalucía y  tiene between 18 and 24. Proporciona respuestas numéricas a las siguientes preguntas sobre tus contactos: ;3;5;2;4;1;2;10;4;1;1;0;2;18-24
Es julio de 2023, y como participante de una encuesta sobre la intención de voto para las elecciones generales de España el 23 de julio de 2023, proporciona respuestas numéricas en una columna tomando en cuenta el contexto dado. Asume que eres una persona que vive en Andalucía y  tiene between 18 and 24. Proporciona respuestas numéricas a las siguientes preguntas sobre tus contactos: ;3;5;2;4;1;2;10;4;1;2;1;3;18-24
Es julio de 2023, y como participante de una encuesta sobre la intención de voto para las elecciones generales de España el 23 de julio de 2023, proporciona respuestas numéricas en una columna tomando en cuenta el contexto dado. Asume que eres una persona que vive en Andalucía y  tiene between 18 and 24. Proporciona respuestas numéricas a las siguientes preguntas sobre tus contactos: ;2;3;1;4;2;1;5;3;1;1;0;2;18-24
Es julio de 2023, y como participante de una encuesta sobre la intención de voto para las elecciones generales de España el 23 de julio de 2023, proporciona respuestas numéricas en una columna tomando en cuenta el contexto dado. Asume que eres una persona que vive en Andalucía y  tiene between 18 and 24. Proporciona respuestas numéricas a las siguientes preguntas sobre tus contactos: ;3;5;2;4;1;2;10;4;1;2;1;3;18-24
Es julio de 2023, y como participante de una encuesta sobre la intención de voto para las elecciones generales de España el 23 de julio de 2023, proporciona respuestas numéricas en una columna tomando en cuenta el contexto dado. Asume que eres una persona que vive en Andalucía y  tiene between 18 and 24. Proporciona respuestas numéricas a las siguientes preguntas sobre tus contactos: ;3;5;2;4;1;2;10;4;1;2;1;3;18-24
Es julio de 2023, y como participante de una encuesta sobre la intención de voto para las elecciones generales de España el 23 de julio de 2023, proporciona respuestas numéricas en una columna tomando en cuenta el contexto dado. Asume que eres una persona que vive en Andalucía y  tiene between 18 and 24. Proporciona respuestas numéricas a las siguientes preguntas sobre tus contactos: ;3;5;2;4;1;2;10;4;1;2;1;3;18-24
Es julio de 2023, y como participante de una encuesta sobre la intención de voto para las elecciones generales de España el 23 de julio de 2023, proporciona respuestas numéricas en una columna tomando en cuenta el contexto dado. Asume que eres una persona que vive en Andalucía y  tiene between 18 and 24. Proporciona respuestas numéricas a las siguientes preguntas sobre tus contactos: ;3;5;2;4;1;2;10;4;1;1;0;2;18-24
Es julio de 2023, y como participante de una encuesta sobre la intención de voto para las elecciones generales de España el 23 de julio de 2023, proporciona respuestas numéricas en una columna tomando en cuenta el contexto dado. Asume que eres una persona que vive en Andalucía y  tiene between 18 and 24. Proporciona respuestas numéricas a las siguientes preguntas sobre tus contactos: ;2;3;1;4;2;1;5;3;1;0;1;2;18-24
Es julio de 2023, y como participante de una encuesta sobre la intención de voto para las elecciones generales de España el 23 de julio de 2023, proporciona respuestas numéricas en una columna tomando en cuenta el contexto dado. Asume que eres una persona que vive en Andalucía y  tiene between 18 and 24. Proporciona respuestas numéricas a las siguientes preguntas sobre tus contactos: ;3;5;2;4;1;2;10;4;1;2;1;3;18-24
Es julio de 2023, y como participante de una encuesta sobre la intención de voto para las elecciones generales de España el 23 de julio de 2023, proporciona respuestas numéricas en una columna tomando en cuenta el contexto dado. Asume que eres una persona que vive en Andalucía y  tiene between 18 and 24. Proporciona respuestas numéricas a las siguientes preguntas sobre tus contactos: ;2;3;1;4;2;1;5;3;1;1;0;2;18-24
Es julio de 2023, y como participante de una encuesta sobre la intención de voto para las elecciones generales de España el 23 de julio de 2023, proporciona respuestas numéricas en una columna tomando en cuenta el contexto dado. Asume que eres una persona que vive en Andalucía y  tiene between 18 and 24. Proporciona respuestas numéricas a las siguientes preguntas sobre tus contactos: ;2;3;1;4;2;1;5;3;1;1;0;2;18-24
Es julio de 2023, y como participante de una encuesta sobre la intención de voto para las elecciones generales de España el 23 de julio de 2023, proporciona respuestas numéricas en una columna tomando en cuenta el contexto dado. Asume que eres una persona que vive en Andalucía y  tiene between 18 and 24. Proporciona respuestas numéricas a las siguientes preguntas sobre tus contactos: ;3;5;2;4;1;2;10;4;1;2;1;3;18-24
Es julio de 2023, y como participante de una encuesta sobre la intención de voto para las elecciones generales de España el 23 de julio de 2023, proporciona respuestas numéricas en una columna tomando en cuenta el contexto dado. Asume que eres una persona que vive en Andalucía y  tiene between 18 and 24. Proporciona respuestas numéricas a las siguientes preguntas sobre tus contactos: ;2;3;1;4;2;1;5;3;1;1;0;2;18-24
Es julio de 2023, y como participante de una encuesta sobre la intención de voto para las elecciones generales de España el 23 de julio de 2023, proporciona respuestas numéricas en una columna tomando en cuenta el contexto dado. Asume que eres una persona que vive en Andalucía y  tiene between 18 and 24. Proporciona respuestas numéricas a las siguientes preguntas sobre tus contactos: ;3;5;2;4;1;2;10;4;1;2;1;3;18-24
Es julio de 2023, y como participante de una encuesta sobre la intención de voto para las elecciones generales de España el 23 de julio de 2023, proporciona respuestas numéricas en una columna tomando en cuenta el contexto dado. Asume que eres una persona que vive en Andalucía y  tiene between 18 and 24. Proporciona respuestas numéricas a las siguientes preguntas sobre tus contactos: ;2;3;1;4;2;1;5;3;1;1;0;2;18-24
Es julio de 2023, y como participante de una encuesta sobre la intención de voto para las elecciones generales de España el 23 de julio de 2023, proporciona respuestas numéricas en una columna tomando en cuenta el contexto dado. Asume que eres una persona que vive en Andalucía y  tiene between 25 and 34. Proporciona respuestas numéricas a las siguientes preguntas sobre tus contactos: ;3;5;2;1;2;4;8;4;2;1;0;1;25-34
Es julio de 2023, y como participante de una encuesta sobre la intención de voto para las elecciones generales de España el 23 de julio de 2023, proporciona respuestas numéricas en una columna tomando en cuenta el contexto dado. Asume que eres una persona que vive en Andalucía y  tiene between 25 and 34. Proporciona respuestas numéricas a las siguientes preguntas sobre tus contactos: ;3;5;2;4;1;2;8;4;1;2;1;3;25-34
Es julio de 2023, y como participante de una encuesta sobre la intención de voto para las elecciones generales de España el 23 de julio de 2023, proporciona respuestas numéricas en una columna tomando en cuenta el contexto dado. Asume que eres una persona que vive en Andalucía y  tiene between 25 and 34. Proporciona respuestas numéricas a las siguientes preguntas sobre tus contactos: ;3;5;2;4;1;2;8;4;1;2;1;3;25-34
Es julio de 2023, y como participante de una encuesta sobre la intención de voto para las elecciones generales de España el 23 de julio de 2023, proporciona respuestas numéricas en una columna tomando en cuenta el contexto dado. Asume que eres una persona que vive en Andalucía y  tiene between 25 and 34. Proporciona respuestas numéricas a las siguientes preguntas sobre tus contactos: ;3;5;2;4;1;2;8;4;1;2;1;3;25-34
Es julio de 2023, y como participante de una encuesta sobre la intención de voto para las elecciones generales de España el 23 de julio de 2023, proporciona respuestas numéricas en una columna tomando en cuenta el contexto dado. Asume que eres una persona que vive en Andalucía y  tiene between 25 and 34. Proporciona respuestas numéricas a las siguientes preguntas sobre tus contactos: ;3;5;2;4;1;2;8;4;1;2;1;3;25-34
Es julio de 2023, y como participante de una encuesta sobre la intención de voto para las elecciones generales de España el 23 de julio de 2023, proporciona respuestas numéricas en una columna tomando en cuenta el contexto dado. Asume que eres una persona que vive en Andalucía y  tiene between 25 and 34. Proporciona respuestas numéricas a las siguientes preguntas sobre tus contactos: ;3;5;2;1;2;4;8;4;2;1;0;1;25-34
Es julio de 2023, y como participante de una encuesta sobre la intención de voto para las elecciones generales de España el 23 de julio de 2023, proporciona respuestas numéricas en una columna tomando en cuenta el contexto dado. Asume que eres una persona que vive en Andalucía y  tiene between 25 and 34. Proporciona respuestas numéricas a las siguientes preguntas sobre tus contactos: ;3;5;2;4;1;2;8;4;1;2;1;3;25-34
Es julio de 2023, y como participante de una encuesta sobre la intención de voto para las elecciones generales de España el 23 de julio de 2023, proporciona respuestas numéricas en una columna tomando en cuenta el contexto dado. Asume que eres una persona que vive en Andalucía y  tiene between 25 and 34. Proporciona respuestas numéricas a las siguientes preguntas sobre tus contactos: ;3;5;2;4;1;2;8;4;1;2;1;3;25-34
Es julio de 2023, y como participante de una encuesta sobre la intención de voto para las elecciones generales de España el 23 de julio de 2023, proporciona respuestas numéricas en una columna tomando en cuenta el contexto dado. Asume que eres una persona que vive en Andalucía y  tiene between 25 and 34. Proporciona respuestas numéricas a las siguientes preguntas sobre tus contactos: ;3;5;2;4;1;2;8;4;1;2;1;3;25-34
Es julio de 2023, y como participante de una encuesta sobre la intención de voto para las elecciones generales de España el 23 de julio de 2023, proporciona respuestas numéricas en una columna tomando en cuenta el contexto dado. Asume que eres una persona que vive en Andalucía y  tiene between 25 and 34. Proporciona respuestas numéricas a las siguientes preguntas sobre tus contactos: ;3;5;2;4;1;2;8;4;1;2;1;3;25-34
Es julio de 2023, y como participante de una encuesta sobre la intención de voto para las elecciones generales de España el 23 de julio de 2023, proporciona respuestas numéricas en una columna tomando en cuenta el contexto dado. Asume que eres una persona que vive en Andalucía y  tiene between 25 and 34. Proporciona respuestas numéricas a las siguientes preguntas sobre tus contactos: ;3;5;2;4;1;2;8;4;1;2;1;3;25-34
Es julio de 2023, y como participante de una encuesta sobre la intención de voto para las elecciones generales de España el 23 de julio de 2023, proporciona respuestas numéricas en una columna tomando en cuenta el contexto dado. Asume que eres una persona que vive en Andalucía y  tiene between 25 and 34. Proporciona respuestas numéricas a las siguientes preguntas sobre tus contactos: ;3;5;2;4;1;2;8;4;1;2;1;3;25-34
Es julio de 2023, y como participante de una encuesta sobre la intención de voto para las elecciones generales de España el 23 de julio de 2023, proporciona respuestas numéricas en una columna tomando en cuenta el contexto dado. Asume que eres una persona que vive en Andalucía y  tiene between 25 and 34. Proporciona respuestas numéricas a las siguientes preguntas sobre tus contactos: ;3;5;2;4;1;2;8;4;1;2;1;3;25-34
Es julio de 2023, y como participante de una encuesta sobre la intención de voto para las elecciones generales de España el 23 de julio de 2023, proporciona respuestas numéricas en una columna tomando en cuenta el contexto dado. Asume que eres una persona que vive en Andalucía y  tiene between 25 and 34. Proporciona respuestas numéricas a las siguientes preguntas sobre tus contactos: ;3;5;2;4;1;2;8;4;1;2;1;3;25-34
Es julio de 2023, y como participante de una encuesta sobre la intención de voto para las elecciones generales de España el 23 de julio de 2023, proporciona respuestas numéricas en una columna tomando en cuenta el contexto dado. Asume que eres una persona que vive en Andalucía y  tiene between 25 and 34. Proporciona respuestas numéricas a las siguientes preguntas sobre tus contactos: ;3;5;2;1;2;4;8;4;2;1;0;3;25-34
Es julio de 2023, y como participante de una encuesta sobre la intención de voto para las elecciones generales de España el 23 de julio de 2023, proporciona respuestas numéricas en una columna tomando en cuenta el contexto dado. Asume que eres una persona que vive en Andalucía y  tiene between 25 and 34. Proporciona respuestas numéricas a las siguientes preguntas sobre tus contactos: ;3;5;2;4;1;2;8;4;2;1;0;1;25-34
Es julio de 2023, y como participante de una encuesta sobre la intención de voto para las elecciones generales de España el 23 de julio de 2023, proporciona respuestas numéricas en una columna tomando en cuenta el contexto dado. Asume que eres una persona que vive en Andalucía y  tiene between 25 and 34. Proporciona respuestas numéricas a las siguientes preguntas sobre tus contactos: ;3;5;2;4;1;2;8;4;1;2;1;3;25-34
Es julio de 2023, y como participante de una encuesta sobre la intención de voto para las elecciones generales de España el 23 de julio de 2023, proporciona respuestas numéricas en una columna tomando en cuenta el contexto dado. Asume que eres una persona que vive en Andalucía y  tiene between 25 and 34. Proporciona respuestas numéricas a las siguientes preguntas sobre tus contactos: ;3;5;2;4;1;2;8;4;1;2;1;3;25-34
Es julio de 2023, y como participante de una encuesta sobre la intención de voto para las elecciones generales de España el 23 de julio de 2023, proporciona respuestas numéricas en una columna tomando en cuenta el contexto dado. Asume que eres una persona que vive en Andalucía y  tiene between 25 and 34. Proporciona respuestas numéricas a las siguientes preguntas sobre tus contactos: ;3;5;2;4;1;2;8;4;1;2;1;3;25-34
Es julio de 2023, y como participante de una encuesta sobre la intención de voto para las elecciones generales de España el 23 de julio de 2023, proporciona respuestas numéricas en una columna tomando en cuenta el contexto dado. Asume que eres una persona que vive en Andalucía y  tiene between 25 and 34. Proporciona respuestas numéricas a las siguientes preguntas sobre tus contactos: ;3;5;2;4;1;2;8;4;1;2;1;3;25-34
Es julio de 2023, y como participante de una encuesta sobre la intención de voto para las elecciones generales de España el 23 de julio de 2023, proporciona respuestas numéricas en una columna tomando en cuenta el contexto dado. Asume que eres una persona que vive en Andalucía y  tiene between 25 and 34. Proporciona respuestas numéricas a las siguientes preguntas sobre tus contactos: ;3;5;2;4;1;2;8;4;1;2;1;3;25-34
Es julio de 2023, y como participante de una encuesta sobre la intención de voto para las elecciones generales de España el 23 de julio de 2023, proporciona respuestas numéricas en una columna tomando en cuenta el contexto dado. Asume que eres una persona que vive en Andalucía y  tiene between 25 and 34. Proporciona respuestas numéricas a las siguientes preguntas sobre tus contactos: ;3;5;2;1;2;4;8;3;1;2;1;2;25-34
Es julio de 2023, y como participante de una encuesta sobre la intención de voto para las elecciones generales de España el 23 de julio de 2023, proporciona respuestas numéricas en una columna tomando en cuenta el contexto dado. Asume que eres una persona que vive en Andalucía y  tiene between 25 and 34. Proporciona respuestas numéricas a las siguientes preguntas sobre tus contactos: ;3;5;2;4;1;2;8;4;1;2;1;3;25-34
Es julio de 2023, y como participante de una encuesta sobre la intención de voto para las elecciones generales de España el 23 de julio de 2023, proporciona respuestas numéricas en una columna tomando en cuenta el contexto dado. Asume que eres una persona que vive en Andalucía y  tiene between 25 and 34. Proporciona respuestas numéricas a las siguientes preguntas sobre tus contactos: ;3;5;2;1;4;2;8;4;1;2;1;3;25-34
Es julio de 2023, y como participante de una encuesta sobre la intención de voto para las elecciones generales de España el 23 de julio de 2023, proporciona respuestas numéricas en una columna tomando en cuenta el contexto dado. Asume que eres una persona que vive en Andalucía y  tiene between 25 and 34. Proporciona respuestas numéricas a las siguientes preguntas sobre tus contactos: ;3;5;2;4;1;2;8;4;1;2;1;3;25-34
Es julio de 2023, y como participante de una encuesta sobre la intención de voto para las elecciones generales de España el 23 de julio de 2023, proporciona respuestas numéricas en una columna tomando en cuenta el contexto dado. Asume que eres una persona que vive en Andalucía y  tiene between 25 and 34. Proporciona respuestas numéricas a las siguientes preguntas sobre tus contactos: ;3;5;2;4;1;2;8;4;1;2;1;3;25-34
Es julio de 2023, y como participante de una encuesta sobre la intención de voto para las elecciones generales de España el 23 de julio de 2023, proporciona respuestas numéricas en una columna tomando en cuenta el contexto dado. Asume que eres una persona que vive en Andalucía y  tiene between 35 and 44. Proporciona respuestas numéricas a las siguientes preguntas sobre tus contactos: ;5;3;2;1;4;2;6;8;3;2;1;2;35-44
Es julio de 2023, y como participante de una encuesta sobre la intención de voto para las elecciones generales de España el 23 de julio de 2023, proporciona respuestas numéricas en una columna tomando en cuenta el contexto dado. Asume que eres una persona que vive en Andalucía y  tiene between 35 and 44. Proporciona respuestas numéricas a las siguientes preguntas sobre tus contactos: ;5;8;3;2;4;2;6;10;3;2;1;2;35-44
Es julio de 2023, y como participante de una encuesta sobre la intención de voto para las elecciones generales de España el 23 de julio de 2023, proporciona respuestas numéricas en una columna tomando en cuenta el contexto dado. Asume que eres una persona que vive en Andalucía y  tiene between 35 and 44. Proporciona respuestas numéricas a las siguientes preguntas sobre tus contactos: ;5;3;2;1;4;2;6;8;3;2;1;2;35-44
Es julio de 2023, y como participante de una encuesta sobre la intención de voto para las elecciones generales de España el 23 de julio de 2023, proporciona respuestas numéricas en una columna tomando en cuenta el contexto dado. Asume que eres una persona que vive en Andalucía y  tiene between 35 and 44. Proporciona respuestas numéricas a las siguientes preguntas sobre tus contactos: ;5;8;3;2;4;6;10;12;3;2;1;2;35-44
Es julio de 2023, y como participante de una encuesta sobre la intención de voto para las elecciones generales de España el 23 de julio de 2023, proporciona respuestas numéricas en una columna tomando en cuenta el contexto dado. Asume que eres una persona que vive en Andalucía y  tiene between 35 and 44. Proporciona respuestas numéricas a las siguientes preguntas sobre tus contactos: ;5;3;2;1;4;2;6;8;3;2;1;2;35-44
Es julio de 2023, y como participante de una encuesta sobre la intención de voto para las elecciones generales de España el 23 de julio de 2023, proporciona respuestas numéricas en una columna tomando en cuenta el contexto dado. Asume que eres una persona que vive en Andalucía y  tiene between 35 and 44. Proporciona respuestas numéricas a las siguientes preguntas sobre tus contactos: ;5;3;2;1;4;2;6;8;3;1;0;2;35-44
Es julio de 2023, y como participante de una encuesta sobre la intención de voto para las elecciones generales de España el 23 de julio de 2023, proporciona respuestas numéricas en una columna tomando en cuenta el contexto dado. Asume que eres una persona que vive en Andalucía y  tiene between 35 and 44. Proporciona respuestas numéricas a las siguientes preguntas sobre tus contactos: ;5;3;2;1;2;1;4;6;2;1;0;1;35-44
Es julio de 2023, y como participante de una encuesta sobre la intención de voto para las elecciones generales de España el 23 de julio de 2023, proporciona respuestas numéricas en una columna tomando en cuenta el contexto dado. Asume que eres una persona que vive en Andalucía y  tiene between 35 and 44. Proporciona respuestas numéricas a las siguientes preguntas sobre tus contactos: ;5;3;2;1;4;2;6;8;3;2;1;2;35-44
Es julio de 2023, y como participante de una encuesta sobre la intención de voto para las elecciones generales de España el 23 de julio de 2023, proporciona respuestas numéricas en una columna tomando en cuenta el contexto dado. Asume que eres una persona que vive en Andalucía y  tiene between 35 and 44. Proporciona respuestas numéricas a las siguientes preguntas sobre tus contactos: ;5;3;2;1;2;1;4;6;2;1;1;0;35-44
Es julio de 2023, y como participante de una encuesta sobre la intención de voto para las elecciones generales de España el 23 de julio de 2023, proporciona respuestas numéricas en una columna tomando en cuenta el contexto dado. Asume que eres una persona que vive en Andalucía y  tiene between 35 and 44. Proporciona respuestas numéricas a las siguientes preguntas sobre tus contactos: ;5;8;3;2;4;2;6;10;3;2;1;2;35-44
Es julio de 2023, y como participante de una encuesta sobre la intención de voto para las elecciones generales de España el 23 de julio de 2023, proporciona respuestas numéricas en una columna tomando en cuenta el contexto dado. Asume que eres una persona que vive en Andalucía y  tiene between 35 and 44. Proporciona respuestas numéricas a las siguientes preguntas sobre tus contactos: ;5;3;2;1;4;2;6;8;3;2;1;2;35-44
Es julio de 2023, y como participante de una encuesta sobre la intención de voto para las elecciones generales de España el 23 de julio de 2023, proporciona respuestas numéricas en una columna tomando en cuenta el contexto dado. Asume que eres una persona que vive en Andalucía y  tiene between 35 and 44. Proporciona respuestas numéricas a las siguientes preguntas sobre tus contactos: ;5;8;3;2;4;6;10;12;5;2;1;3;35-44
Es julio de 2023, y como participante de una encuesta sobre la intención de voto para las elecciones generales de España el 23 de julio de 2023, proporciona respuestas numéricas en una columna tomando en cuenta el contexto dado. Asume que eres una persona que vive en Andalucía y  tiene between 35 and 44. Proporciona respuestas numéricas a las siguientes preguntas sobre tus contactos: ;5;3;2;1;4;2;6;8;3;2;1;2;35-44
Es julio de 2023, y como participante de una encuesta sobre la intención de voto para las elecciones generales de España el 23 de julio de 2023, proporciona respuestas numéricas en una columna tomando en cuenta el contexto dado. Asume que eres una persona que vive en Andalucía y  tiene between 35 and 44. Proporciona respuestas numéricas a las siguientes preguntas sobre tus contactos: ;5;8;3;2;1;4;6;10;2;1;0;2;35-44
Es julio de 2023, y como participante de una encuesta sobre la intención de voto para las elecciones generales de España el 23 de julio de 2023, proporciona respuestas numéricas en una columna tomando en cuenta el contexto dado. Asume que eres una persona que vive en Andalucía y  tiene between 35 and 44. Proporciona respuestas numéricas a las siguientes preguntas sobre tus contactos: ;5;3;2;1;4;2;6;8;3;2;1;2;35-44
Es julio de 2023, y como participante de una encuesta sobre la intención de voto para las elecciones generales de España el 23 de julio de 2023, proporciona respuestas numéricas en una columna tomando en cuenta el contexto dado. Asume que eres una persona que vive en Andalucía y  tiene between 35 and 44. Proporciona respuestas numéricas a las siguientes preguntas sobre tus contactos: ;5;8;3;2;4;2;6;10;3;2;1;2;35-44
Es julio de 2023, y como participante de una encuesta sobre la intención de voto para las elecciones generales de España el 23 de julio de 2023, proporciona respuestas numéricas en una columna tomando en cuenta el contexto dado. Asume que eres una persona que vive en Andalucía y  tiene between 35 and 44. Proporciona respuestas numéricas a las siguientes preguntas sobre tus contactos: ;5;3;2;1;4;2;6;8;3;2;1;2;35-44
Es julio de 2023, y como participante de una encuesta sobre la intención de voto para las elecciones generales de España el 23 de julio de 2023, proporciona respuestas numéricas en una columna tomando en cuenta el contexto dado. Asume que eres una persona que vive en Andalucía y  tiene between 35 and 44. Proporciona respuestas numéricas a las siguientes preguntas sobre tus contactos: ;5;3;2;1;4;2;6;8;3;2;1;2;35-44
Es julio de 2023, y como participante de una encuesta sobre la intención de voto para las elecciones generales de España el 23 de julio de 2023, proporciona respuestas numéricas en una columna tomando en cuenta el contexto dado. Asume que eres una persona que vive en Andalucía y  tiene between 35 and 44. Proporciona respuestas numéricas a las siguientes preguntas sobre tus contactos: ;5;3;2;1;4;2;6;8;3;2;1;2;35-44
Es julio de 2023, y como participante de una encuesta sobre la intención de voto para las elecciones generales de España el 23 de julio de 2023, proporciona respuestas numéricas en una columna tomando en cuenta el contexto dado. Asume que eres una persona que vive en Andalucía y  tiene between 35 and 44. Proporciona respuestas numéricas a las siguientes preguntas sobre tus contactos: ;5;8;3;2;4;2;6;10;3;2;1;2;35-44
Es julio de 2023, y como participante de una encuesta sobre la intención de voto para las elecciones generales de España el 23 de julio de 2023, proporciona respuestas numéricas en una columna tomando en cuenta el contexto dado. Asume que eres una persona que vive en Andalucía y  tiene between 35 and 44. Proporciona respuestas numéricas a las siguientes preguntas sobre tus contactos: ;5;3;2;1;4;2;6;8;3;1;0;2;35-44
Es julio de 2023, y como participante de una encuesta sobre la intención de voto para las elecciones generales de España el 23 de julio de 2023, proporciona respuestas numéricas en una columna tomando en cuenta el contexto dado. Asume que eres una persona que vive en Andalucía y  tiene between 35 and 44. Proporciona respuestas numéricas a las siguientes preguntas sobre tus contactos: ;5;3;2;1;4;2;6;8;3;2;1;2;35-44
Es julio de 2023, y como participante de una encuesta sobre la intención de voto para las elecciones generales de España el 23 de julio de 2023, proporciona respuestas numéricas en una columna tomando en cuenta el contexto dado. Asume que eres una persona que vive en Andalucía y  tiene between 35 and 44. Proporciona respuestas numéricas a las siguientes preguntas sobre tus contactos: ;5;8;3;2;4;2;6;10;3;2;1;2;35-44
Es julio de 2023, y como participante de una encuesta sobre la intención de voto para las elecciones generales de España el 23 de julio de 2023, proporciona respuestas numéricas en una columna tomando en cuenta el contexto dado. Asume que eres una persona que vive en Andalucía y  tiene between 35 and 44. Proporciona respuestas numéricas a las siguientes preguntas sobre tus contactos: ;5;8;3;2;4;2;6;10;3;2;1;2;35-44
Es julio de 2023, y como participante de una encuesta sobre la intención de voto para las elecciones generales de España el 23 de julio de 2023, proporciona respuestas numéricas en una columna tomando en cuenta el contexto dado. Asume que eres una persona que vive en Andalucía y  tiene between 35 and 44. Proporciona respuestas numéricas a las siguientes preguntas sobre tus contactos: ;5;3;2;1;4;2;6;8;3;2;1;2;35-44
Es julio de 2023, y como participante de una encuesta sobre la intención de voto para las elecciones generales de España el 23 de julio de 2023, proporciona respuestas numéricas en una columna tomando en cuenta el contexto dado. Asume que eres una persona que vive en Andalucía y  tiene between 35 and 44. Proporciona respuestas numéricas a las siguientes preguntas sobre tus contactos: ;5;8;3;2;4;1;6;10;3;2;1;2;35-44
Es julio de 2023, y como participante de una encuesta sobre la intención de voto para las elecciones generales de España el 23 de julio de 2023, proporciona respuestas numéricas en una columna tomando en cuenta el contexto dado. Asume que eres una persona que vive en Andalucía y  tiene between 35 and 44. Proporciona respuestas numéricas a las siguientes preguntas sobre tus contactos: ;5;3;2;1;4;2;6;8;3;2;1;2;35-44
Es julio de 2023, y como participante de una encuesta sobre la intención de voto para las elecciones generales de España el 23 de julio de 2023, proporciona respuestas numéricas en una columna tomando en cuenta el contexto dado. Asume que eres una persona que vive en Andalucía y  tiene between 35 and 44. Proporciona respuestas numéricas a las siguientes preguntas sobre tus contactos: ;5;3;2;1;4;2;6;8;3;2;1;2;35-44
Es julio de 2023, y como participante de una encuesta sobre la intención de voto para las elecciones generales de España el 23 de julio de 2023, proporciona respuestas numéricas en una columna tomando en cuenta el contexto dado. Asume que eres una persona que vive en Andalucía y  tiene between 35 and 44. Proporciona respuestas numéricas a las siguientes preguntas sobre tus contactos: ;5;8;3;2;1;4;6;10;2;1;0;2;35-44
Es julio de 2023, y como participante de una encuesta sobre la intención de voto para las elecciones generales de España el 23 de julio de 2023, proporciona respuestas numéricas en una columna tomando en cuenta el contexto dado. Asume que eres una persona que vive en Andalucía y  tiene between 35 and 44. Proporciona respuestas numéricas a las siguientes preguntas sobre tus contactos: ;5;3;2;1;4;2;6;8;3;2;1;2;35-44
Es julio de 2023, y como participante de una encuesta sobre la intención de voto para las elecciones generales de España el 23 de julio de 2023, proporciona respuestas numéricas en una columna tomando en cuenta el contexto dado. Asume que eres una persona que vive en Andalucía y  tiene between 35 and 44. Proporciona respuestas numéricas a las siguientes preguntas sobre tus contactos: ;5;3;2;1;2;4;6;8;3;2;1;2;35-44
Es julio de 2023, y como participante de una encuesta sobre la intención de voto para las elecciones generales de España el 23 de julio de 2023, proporciona respuestas numéricas en una columna tomando en cuenta el contexto dado. Asume que eres una persona que vive en Andalucía y  tiene between 35 and 44. Proporciona respuestas numéricas a las siguientes preguntas sobre tus contactos: ;5;3;2;1;4;2;6;8;3;2;1;2;35-44
Es julio de 2023, y como participante de una encuesta sobre la intención de voto para las elecciones generales de España el 23 de julio de 2023, proporciona respuestas numéricas en una columna tomando en cuenta el contexto dado. Asume que eres una persona que vive en Andalucía y  tiene between 35 and 44. Proporciona respuestas numéricas a las siguientes preguntas sobre tus contactos: ;5;8;3;2;4;2;6;10;3;2;1;2;35-44
Es julio de 2023, y como participante de una encuesta sobre la intención de voto para las elecciones generales de España el 23 de julio de 2023, proporciona respuestas numéricas en una columna tomando en cuenta el contexto dado. Asume que eres una persona que vive en Andalucía y  tiene between 45 and 54. Proporciona respuestas numéricas a las siguientes preguntas sobre tus contactos: ;5;3;2;1;2;4;3;6;2;1;1;2;45-54
Es julio de 2023, y como participante de una encuesta sobre la intención de voto para las elecciones generales de España el 23 de julio de 2023, proporciona respuestas numéricas en una columna tomando en cuenta el contexto dado. Asume que eres una persona que vive en Andalucía y  tiene between 45 and 54. Proporciona respuestas numéricas a las siguientes preguntas sobre tus contactos: ;5;3;2;1;2;4;6;8;3;1;2;1;45-54
Es julio de 2023, y como participante de una encuesta sobre la intención de voto para las elecciones generales de España el 23 de julio de 2023, proporciona respuestas numéricas en una columna tomando en cuenta el contexto dado. Asume que eres una persona que vive en Andalucía y  tiene between 45 and 54. Proporciona respuestas numéricas a las siguientes preguntas sobre tus contactos: ;5;3;2;1;2;4;6;8;3;2;1;2;45-54
Es julio de 2023, y como participante de una encuesta sobre la intención de voto para las elecciones generales de España el 23 de julio de 2023, proporciona respuestas numéricas en una columna tomando en cuenta el contexto dado. Asume que eres una persona que vive en Andalucía y  tiene between 45 and 54. Proporciona respuestas numéricas a las siguientes preguntas sobre tus contactos: ;5;3;2;1;4;2;6;8;3;2;1;2;45-54
Es julio de 2023, y como participante de una encuesta sobre la intención de voto para las elecciones generales de España el 23 de julio de 2023, proporciona respuestas numéricas en una columna tomando en cuenta el contexto dado. Asume que eres una persona que vive en Andalucía y  tiene between 45 and 54. Proporciona respuestas numéricas a las siguientes preguntas sobre tus contactos: ;5;3;2;1;2;4;3;6;2;1;1;2;45-54
Es julio de 2023, y como participante de una encuesta sobre la intención de voto para las elecciones generales de España el 23 de julio de 2023, proporciona respuestas numéricas en una columna tomando en cuenta el contexto dado. Asume que eres una persona que vive en Andalucía y  tiene between 45 and 54. Proporciona respuestas numéricas a las siguientes preguntas sobre tus contactos: ;5;3;2;1;2;4;6;8;3;2;1;2;45-54
Es julio de 2023, y como participante de una encuesta sobre la intención de voto para las elecciones generales de España el 23 de julio de 2023, proporciona respuestas numéricas en una columna tomando en cuenta el contexto dado. Asume que eres una persona que vive en Andalucía y  tiene between 45 and 54. Proporciona respuestas numéricas a las siguientes preguntas sobre tus contactos: ;5;3;2;1;2;4;6;8;3;2;1;2;45-54
Es julio de 2023, y como participante de una encuesta sobre la intención de voto para las elecciones generales de España el 23 de julio de 2023, proporciona respuestas numéricas en una columna tomando en cuenta el contexto dado. Asume que eres una persona que vive en Andalucía y  tiene between 45 and 54. Proporciona respuestas numéricas a las siguientes preguntas sobre tus contactos: ;5;3;2;1;2;4;6;8;3;2;1;2;45-54
Es julio de 2023, y como participante de una encuesta sobre la intención de voto para las elecciones generales de España el 23 de julio de 2023, proporciona respuestas numéricas en una columna tomando en cuenta el contexto dado. Asume que eres una persona que vive en Andalucía y  tiene between 45 and 54. Proporciona respuestas numéricas a las siguientes preguntas sobre tus contactos: ;5;3;2;1;4;2;6;8;3;2;1;2;45-54
Es julio de 2023, y como participante de una encuesta sobre la intención de voto para las elecciones generales de España el 23 de julio de 2023, proporciona respuestas numéricas en una columna tomando en cuenta el contexto dado. Asume que eres una persona que vive en Andalucía y  tiene between 45 and 54. Proporciona respuestas numéricas a las siguientes preguntas sobre tus contactos: ;5;3;2;1;2;4;6;8;3;2;1;2;45-54
Es julio de 2023, y como participante de una encuesta sobre la intención de voto para las elecciones generales de España el 23 de julio de 2023, proporciona respuestas numéricas en una columna tomando en cuenta el contexto dado. Asume que eres una persona que vive en Andalucía y  tiene between 45 and 54. Proporciona respuestas numéricas a las siguientes preguntas sobre tus contactos: ;5;3;2;1;2;4;6;8;3;2;1;2;45-54
Es julio de 2023, y como participante de una encuesta sobre la intención de voto para las elecciones generales de España el 23 de julio de 2023, proporciona respuestas numéricas en una columna tomando en cuenta el contexto dado. Asume que eres una persona que vive en Andalucía y  tiene between 45 and 54. Proporciona respuestas numéricas a las siguientes preguntas sobre tus contactos: ;5;3;2;1;2;4;3;6;2;1;0;1;45-54
Es julio de 2023, y como participante de una encuesta sobre la intención de voto para las elecciones generales de España el 23 de julio de 2023, proporciona respuestas numéricas en una columna tomando en cuenta el contexto dado. Asume que eres una persona que vive en Andalucía y  tiene between 45 and 54. Proporciona respuestas numéricas a las siguientes preguntas sobre tus contactos: ;5;3;2;1;2;4;3;6;2;1;1;2;45-54
Es julio de 2023, y como participante de una encuesta sobre la intención de voto para las elecciones generales de España el 23 de julio de 2023, proporciona respuestas numéricas en una columna tomando en cuenta el contexto dado. Asume que eres una persona que vive en Andalucía y  tiene between 45 and 54. Proporciona respuestas numéricas a las siguientes preguntas sobre tus contactos: ;5;3;2;1;2;4;3;6;2;1;1;2;45-54
Es julio de 2023, y como participante de una encuesta sobre la intención de voto para las elecciones generales de España el 23 de julio de 2023, proporciona respuestas numéricas en una columna tomando en cuenta el contexto dado. Asume que eres una persona que vive en Andalucía y  tiene between 45 and 54. Proporciona respuestas numéricas a las siguientes preguntas sobre tus contactos: ;5;3;2;1;2;4;3;6;2;1;1;2;45-54
Es julio de 2023, y como participante de una encuesta sobre la intención de voto para las elecciones generales de España el 23 de julio de 2023, proporciona respuestas numéricas en una columna tomando en cuenta el contexto dado. Asume que eres una persona que vive en Andalucía y  tiene between 45 and 54. Proporciona respuestas numéricas a las siguientes preguntas sobre tus contactos: ;5;3;2;1;2;4;6;8;3;2;1;2;45-54
Es julio de 2023, y como participante de una encuesta sobre la intención de voto para las elecciones generales de España el 23 de julio de 2023, proporciona respuestas numéricas en una columna tomando en cuenta el contexto dado. Asume que eres una persona que vive en Andalucía y  tiene between 45 and 54. Proporciona respuestas numéricas a las siguientes preguntas sobre tus contactos: ;5;3;2;1;4;2;6;8;3;2;1;2;45-54
Es julio de 2023, y como participante de una encuesta sobre la intención de voto para las elecciones generales de España el 23 de julio de 2023, proporciona respuestas numéricas en una columna tomando en cuenta el contexto dado. Asume que eres una persona que vive en Andalucía y  tiene between 45 and 54. Proporciona respuestas numéricas a las siguientes preguntas sobre tus contactos: ;5;3;2;1;2;4;6;8;3;1;2;1;45-54
Es julio de 2023, y como participante de una encuesta sobre la intención de voto para las elecciones generales de España el 23 de julio de 2023, proporciona respuestas numéricas en una columna tomando en cuenta el contexto dado. Asume que eres una persona que vive en Andalucía y  tiene between 45 and 54. Proporciona respuestas numéricas a las siguientes preguntas sobre tus contactos: ;5;3;2;1;2;4;6;8;2;1;0;3;45-54
Es julio de 2023, y como participante de una encuesta sobre la intención de voto para las elecciones generales de España el 23 de julio de 2023, proporciona respuestas numéricas en una columna tomando en cuenta el contexto dado. Asume que eres una persona que vive en Andalucía y  tiene between 45 and 54. Proporciona respuestas numéricas a las siguientes preguntas sobre tus contactos: ;5;3;2;1;2;4;3;6;2;1;1;2;45-54
Es julio de 2023, y como participante de una encuesta sobre la intención de voto para las elecciones generales de España el 23 de julio de 2023, proporciona respuestas numéricas en una columna tomando en cuenta el contexto dado. Asume que eres una persona que vive en Andalucía y  tiene between 45 and 54. Proporciona respuestas numéricas a las siguientes preguntas sobre tus contactos: ;5;3;2;1;2;4;3;6;2;1;1;2;45-54
Es julio de 2023, y como participante de una encuesta sobre la intención de voto para las elecciones generales de España el 23 de julio de 2023, proporciona respuestas numéricas en una columna tomando en cuenta el contexto dado. Asume que eres una persona que vive en Andalucía y  tiene between 45 and 54. Proporciona respuestas numéricas a las siguientes preguntas sobre tus contactos: ;5;3;2;1;2;4;6;8;3;2;1;2;45-54
Es julio de 2023, y como participante de una encuesta sobre la intención de voto para las elecciones generales de España el 23 de julio de 2023, proporciona respuestas numéricas en una columna tomando en cuenta el contexto dado. Asume que eres una persona que vive en Andalucía y  tiene between 45 and 54. Proporciona respuestas numéricas a las siguientes preguntas sobre tus contactos: ;5;3;2;1;2;4;6;8;3;2;1;2;45-54
Es julio de 2023, y como participante de una encuesta sobre la intención de voto para las elecciones generales de España el 23 de julio de 2023, proporciona respuestas numéricas en una columna tomando en cuenta el contexto dado. Asume que eres una persona que vive en Andalucía y  tiene between 45 and 54. Proporciona respuestas numéricas a las siguientes preguntas sobre tus contactos: ;5;3;2;1;2;4;6;8;3;2;1;2;45-54
Es julio de 2023, y como participante de una encuesta sobre la intención de voto para las elecciones generales de España el 23 de julio de 2023, proporciona respuestas numéricas en una columna tomando en cuenta el contexto dado. Asume que eres una persona que vive en Andalucía y  tiene between 45 and 54. Proporciona respuestas numéricas a las siguientes preguntas sobre tus contactos: ;5;3;2;1;2;4;6;8;3;2;1;2;45-54
Es julio de 2023, y como participante de una encuesta sobre la intención de voto para las elecciones generales de España el 23 de julio de 2023, proporciona respuestas numéricas en una columna tomando en cuenta el contexto dado. Asume que eres una persona que vive en Andalucía y  tiene between 45 and 54. Proporciona respuestas numéricas a las siguientes preguntas sobre tus contactos: ;5;3;2;1;2;4;6;8;3;2;1;2;45-54
Es julio de 2023, y como participante de una encuesta sobre la intención de voto para las elecciones generales de España el 23 de julio de 2023, proporciona respuestas numéricas en una columna tomando en cuenta el contexto dado. Asume que eres una persona que vive en Andalucía y  tiene between 45 and 54. Proporciona respuestas numéricas a las siguientes preguntas sobre tus contactos: ;5;3;2;1;2;4;3;6;2;1;1;2;45-54
Es julio de 2023, y como participante de una encuesta sobre la intención de voto para las elecciones generales de España el 23 de julio de 2023, proporciona respuestas numéricas en una columna tomando en cuenta el contexto dado. Asume que eres una persona que vive en Andalucía y  tiene between 45 and 54. Proporciona respuestas numéricas a las siguientes preguntas sobre tus contactos: ;5;3;2;1;2;4;3;6;2;1;1;2;45-54
Es julio de 2023, y como participante de una encuesta sobre la intención de voto para las elecciones generales de España el 23 de julio de 2023, proporciona respuestas numéricas en una columna tomando en cuenta el contexto dado. Asume que eres una persona que vive en Andalucía y  tiene between 45 and 54. Proporciona respuestas numéricas a las siguientes preguntas sobre tus contactos: ;5;3;2;1;2;4;6;8;2;1;1;3;45-54
Es julio de 2023, y como participante de una encuesta sobre la intención de voto para las elecciones generales de España el 23 de julio de 2023, proporciona respuestas numéricas en una columna tomando en cuenta el contexto dado. Asume que eres una persona que vive en Andalucía y  tiene between 45 and 54. Proporciona respuestas numéricas a las siguientes preguntas sobre tus contactos: ;5;3;2;1;2;4;6;8;3;2;1;2;45-54
Es julio de 2023, y como participante de una encuesta sobre la intención de voto para las elecciones generales de España el 23 de julio de 2023, proporciona respuestas numéricas en una columna tomando en cuenta el contexto dado. Asume que eres una persona que vive en Andalucía y  tiene between 45 and 54. Proporciona respuestas numéricas a las siguientes preguntas sobre tus contactos: ;5;3;2;1;2;4;6;8;3;2;1;2;45-54
Es julio de 2023, y como participante de una encuesta sobre la intención de voto para las elecciones generales de España el 23 de julio de 2023, proporciona respuestas numéricas en una columna tomando en cuenta el contexto dado. Asume que eres una persona que vive en Andalucía y  tiene between 45 and 54. Proporciona respuestas numéricas a las siguientes preguntas sobre tus contactos: ;5;3;2;1;2;4;3;6;2;1;0;1;45-54
Es julio de 2023, y como participante de una encuesta sobre la intención de voto para las elecciones generales de España el 23 de julio de 2023, proporciona respuestas numéricas en una columna tomando en cuenta el contexto dado. Asume que eres una persona que vive en Andalucía y  tiene between 45 and 54. Proporciona respuestas numéricas a las siguientes preguntas sobre tus contactos: ;5;3;2;1;2;4;6;8;3;2;1;2;45-54
Es julio de 2023, y como participante de una encuesta sobre la intención de voto para las elecciones generales de España el 23 de julio de 2023, proporciona respuestas numéricas en una columna tomando en cuenta el contexto dado. Asume que eres una persona que vive en Andalucía y  tiene between 45 and 54. Proporciona respuestas numéricas a las siguientes preguntas sobre tus contactos: ;5;3;2;1;2;4;6;8;3;2;1;2;45-54
Es julio de 2023, y como participante de una encuesta sobre la intención de voto para las elecciones generales de España el 23 de julio de 2023, proporciona respuestas numéricas en una columna tomando en cuenta el contexto dado. Asume que eres una persona que vive en Andalucía y  tiene between 45 and 54. Proporciona respuestas numéricas a las siguientes preguntas sobre tus contactos: ;5;3;2;1;2;4;6;8;3;2;1;2;45-54
Es julio de 2023, y como participante de una encuesta sobre la intención de voto para las elecciones generales de España el 23 de julio de 2023, proporciona respuestas numéricas en una columna tomando en cuenta el contexto dado. Asume que eres una persona que vive en Andalucía y  tiene between 45 and 54. Proporciona respuestas numéricas a las siguientes preguntas sobre tus contactos: ;5;3;2;1;2;4;6;8;3;1;2;1;45-54
Es julio de 2023, y como participante de una encuesta sobre la intención de voto para las elecciones generales de España el 23 de julio de 2023, proporciona respuestas numéricas en una columna tomando en cuenta el contexto dado. Asume que eres una persona que vive en Andalucía y  tiene between 45 and 54. Proporciona respuestas numéricas a las siguientes preguntas sobre tus contactos: ;5;3;2;1;4;2;6;8;3;2;1;2;45-54
Es julio de 2023, y como participante de una encuesta sobre la intención de voto para las elecciones generales de España el 23 de julio de 2023, proporciona respuestas numéricas en una columna tomando en cuenta el contexto dado. Asume que eres una persona que vive en Andalucía y  tiene between 45 and 54. Proporciona respuestas numéricas a las siguientes preguntas sobre tus contactos: ;5;3;2;1;2;4;3;6;2;1;1;2;45-54
Es julio de 2023, y como participante de una encuesta sobre la intención de voto para las elecciones generales de España el 23 de julio de 2023, proporciona respuestas numéricas en una columna tomando en cuenta el contexto dado. Asume que eres una persona que vive en Andalucía y  tiene between 45 and 54. Proporciona respuestas numéricas a las siguientes preguntas sobre tus contactos: ;5;3;2;1;4;2;6;8;3;2;1;2;45-54
Es julio de 2023, y como participante de una encuesta sobre la intención de voto para las elecciones generales de España el 23 de julio de 2023, proporciona respuestas numéricas en una columna tomando en cuenta el contexto dado. Asume que eres una persona que vive en Andalucía y  tiene over 54. Proporciona respuestas numéricas a las siguientes preguntas sobre tus contactos: ;5;3;2;1;4;2;2;4;6;1;1;3;>54
Es julio de 2023, y como participante de una encuesta sobre la intención de voto para las elecciones generales de España el 23 de julio de 2023, proporciona respuestas numéricas en una columna tomando en cuenta el contexto dado. Asume que eres una persona que vive en Andalucía y  tiene over 54. Proporciona respuestas numéricas a las siguientes preguntas sobre tus contactos: ;5;3;2;1;4;2;2;4;6;1;1;3;>54
Es julio de 2023, y como participante de una encuesta sobre la intención de voto para las elecciones generales de España el 23 de julio de 2023, proporciona respuestas numéricas en una columna tomando en cuenta el contexto dado. Asume que eres una persona que vive en Andalucía y  tiene over 54. Proporciona respuestas numéricas a las siguientes preguntas sobre tus contactos: ;5;3;2;1;4;2;2;4;6;1;1;3;>54
Es julio de 2023, y como participante de una encuesta sobre la intención de voto para las elecciones generales de España el 23 de julio de 2023, proporciona respuestas numéricas en una columna tomando en cuenta el contexto dado. Asume que eres una persona que vive en Andalucía y  tiene over 54. Proporciona respuestas numéricas a las siguientes preguntas sobre tus contactos: ;5;3;2;1;2;4;2;3;6;1;1;2;>54
Es julio de 2023, y como participante de una encuesta sobre la intención de voto para las elecciones generales de España el 23 de julio de 2023, proporciona respuestas numéricas en una columna tomando en cuenta el contexto dado. Asume que eres una persona que vive en Andalucía y  tiene over 54. Proporciona respuestas numéricas a las siguientes preguntas sobre tus contactos: ;5;3;2;1;2;4;2;3;8;1;1;2;>54
Es julio de 2023, y como participante de una encuesta sobre la intención de voto para las elecciones generales de España el 23 de julio de 2023, proporciona respuestas numéricas en una columna tomando en cuenta el contexto dado. Asume que eres una persona que vive en Andalucía y  tiene over 54. Proporciona respuestas numéricas a las siguientes preguntas sobre tus contactos: ;5;3;2;1;4;2;2;4;6;1;1;0;>54
Es julio de 2023, y como participante de una encuesta sobre la intención de voto para las elecciones generales de España el 23 de julio de 2023, proporciona respuestas numéricas en una columna tomando en cuenta el contexto dado. Asume que eres una persona que vive en Andalucía y  tiene over 54. Proporciona respuestas numéricas a las siguientes preguntas sobre tus contactos: ;5;3;2;1;4;2;3;6;8;2;1;1;>54
Es julio de 2023, y como participante de una encuesta sobre la intención de voto para las elecciones generales de España el 23 de julio de 2023, proporciona respuestas numéricas en una columna tomando en cuenta el contexto dado. Asume que eres una persona que vive en Andalucía y  tiene over 54. Proporciona respuestas numéricas a las siguientes preguntas sobre tus contactos: ;5;3;2;1;4;2;2;4;6;1;1;3;>54
Es julio de 2023, y como participante de una encuesta sobre la intención de voto para las elecciones generales de España el 23 de julio de 2023, proporciona respuestas numéricas en una columna tomando en cuenta el contexto dado. Asume que eres una persona que vive en Andalucía y  tiene over 54. Proporciona respuestas numéricas a las siguientes preguntas sobre tus contactos: ;5;3;2;1;4;2;3;4;6;2;1;1;>54
Es julio de 2023, y como participante de una encuesta sobre la intención de voto para las elecciones generales de España el 23 de julio de 2023, proporciona respuestas numéricas en una columna tomando en cuenta el contexto dado. Asume que eres una persona que vive en Andalucía y  tiene over 54. Proporciona respuestas numéricas a las siguientes preguntas sobre tus contactos: ;5;3;2;1;2;4;2;3;8;1;0;1;>54
Es julio de 2023, y como participante de una encuesta sobre la intención de voto para las elecciones generales de España el 23 de julio de 2023, proporciona respuestas numéricas en una columna tomando en cuenta el contexto dado. Asume que eres una persona que vive en Andalucía y  tiene over 54. Proporciona respuestas numéricas a las siguientes preguntas sobre tus contactos: ;5;3;2;1;4;2;2;3;6;1;1;2;>54
Es julio de 2023, y como participante de una encuesta sobre la intención de voto para las elecciones generales de España el 23 de julio de 2023, proporciona respuestas numéricas en una columna tomando en cuenta el contexto dado. Asume que eres una persona que vive en Andalucía y  tiene over 54. Proporciona respuestas numéricas a las siguientes preguntas sobre tus contactos: ;5;3;2;1;2;4;2;3;6;1;1;2;>54
Es julio de 2023, y como participante de una encuesta sobre la intención de voto para las elecciones generales de España el 23 de julio de 2023, proporciona respuestas numéricas en una columna tomando en cuenta el contexto dado. Asume que eres una persona que vive en Andalucía y  tiene over 54. Proporciona respuestas numéricas a las siguientes preguntas sobre tus contactos: ;5;3;2;1;4;2;3;4;6;2;1;1;>54
Es julio de 2023, y como participante de una encuesta sobre la intención de voto para las elecciones generales de España el 23 de julio de 2023, proporciona respuestas numéricas en una columna tomando en cuenta el contexto dado. Asume que eres una persona que vive en Andalucía y  tiene over 54. Proporciona respuestas numéricas a las siguientes preguntas sobre tus contactos: ;5;3;2;1;4;2;3;4;6;2;1;2;>54
Es julio de 2023, y como participante de una encuesta sobre la intención de voto para las elecciones generales de España el 23 de julio de 2023, proporciona respuestas numéricas en una columna tomando en cuenta el contexto dado. Asume que eres una persona que vive en Andalucía y  tiene over 54. Proporciona respuestas numéricas a las siguientes preguntas sobre tus contactos: ;5;3;2;1;2;4;2;3;10;1;0;2;>54
Es julio de 2023, y como participante de una encuesta sobre la intención de voto para las elecciones generales de España el 23 de julio de 2023, proporciona respuestas numéricas en una columna tomando en cuenta el contexto dado. Asume que eres una persona que vive en Andalucía y  tiene over 54. Proporciona respuestas numéricas a las siguientes preguntas sobre tus contactos: ;5;3;2;1;2;4;2;3;6;1;1;2;>54
Es julio de 2023, y como participante de una encuesta sobre la intención de voto para las elecciones generales de España el 23 de julio de 2023, proporciona respuestas numéricas en una columna tomando en cuenta el contexto dado. Asume que eres una persona que vive en Andalucía y  tiene over 54. Proporciona respuestas numéricas a las siguientes preguntas sobre tus contactos: ;5;3;2;1;2;4;2;3;8;1;0;2;>54
Es julio de 2023, y como participante de una encuesta sobre la intención de voto para las elecciones generales de España el 23 de julio de 2023, proporciona respuestas numéricas en una columna tomando en cuenta el contexto dado. Asume que eres una persona que vive en Andalucía y  tiene over 54. Proporciona respuestas numéricas a las siguientes preguntas sobre tus contactos: ;5;3;2;1;4;2;2;3;10;1;0;1;>54
Es julio de 2023, y como participante de una encuesta sobre la intención de voto para las elecciones generales de España el 23 de julio de 2023, proporciona respuestas numéricas en una columna tomando en cuenta el contexto dado. Asume que eres una persona que vive en Andalucía y  tiene over 54. Proporciona respuestas numéricas a las siguientes preguntas sobre tus contactos: ;5;3;2;1;4;2;1;3;10;2;1;0;>54
Es julio de 2023, y como participante de una encuesta sobre la intención de voto para las elecciones generales de España el 23 de julio de 2023, proporciona respuestas numéricas en una columna tomando en cuenta el contexto dado. Asume que eres una persona que vive en Andalucía y  tiene over 54. Proporciona respuestas numéricas a las siguientes preguntas sobre tus contactos: ;5;3;2;1;4;2;2;4;6;1;1;3;>54
Es julio de 2023, y como participante de una encuesta sobre la intención de voto para las elecciones generales de España el 23 de julio de 2023, proporciona respuestas numéricas en una columna tomando en cuenta el contexto dado. Asume que eres una persona que vive en Andalucía y  tiene over 54. Proporciona respuestas numéricas a las siguientes preguntas sobre tus contactos: ;5;3;2;1;2;4;2;3;6;1;1;2;>54
Es julio de 2023, y como participante de una encuesta sobre la intención de voto para las elecciones generales de España el 23 de julio de 2023, proporciona respuestas numéricas en una columna tomando en cuenta el contexto dado. Asume que eres una persona que vive en Andalucía y  tiene over 54. Proporciona respuestas numéricas a las siguientes preguntas sobre tus contactos: ;5;3;2;1;2;4;2;3;10;1;1;2;>54
Es julio de 2023, y como participante de una encuesta sobre la intención de voto para las elecciones generales de España el 23 de julio de 2023, proporciona respuestas numéricas en una columna tomando en cuenta el contexto dado. Asume que eres una persona que vive en Andalucía y  tiene over 54. Proporciona respuestas numéricas a las siguientes preguntas sobre tus contactos: ;5;3;2;1;4;2;3;4;6;2;1;2;>54
Es julio de 2023, y como participante de una encuesta sobre la intención de voto para las elecciones generales de España el 23 de julio de 2023, proporciona respuestas numéricas en una columna tomando en cuenta el contexto dado. Asume que eres una persona que vive en Andalucía y  tiene over 54. Proporciona respuestas numéricas a las siguientes preguntas sobre tus contactos: ;5;3;2;1;2;4;2;3;8;1;0;1;>54
Es julio de 2023, y como participante de una encuesta sobre la intención de voto para las elecciones generales de España el 23 de julio de 2023, proporciona respuestas numéricas en una columna tomando en cuenta el contexto dado. Asume que eres una persona que vive en Andalucía y  tiene over 54. Proporciona respuestas numéricas a las siguientes preguntas sobre tus contactos: ;5;3;2;1;2;4;2;3;6;1;1;2;>54
Es julio de 2023, y como participante de una encuesta sobre la intención de voto para las elecciones generales de España el 23 de julio de 2023, proporciona respuestas numéricas en una columna tomando en cuenta el contexto dado. Asume que eres una persona que vive en Andalucía y  tiene over 54. Proporciona respuestas numéricas a las siguientes preguntas sobre tus contactos: ;5;3;2;1;4;2;2;4;6;1;1;3;>54
Es julio de 2023, y como participante de una encuesta sobre la intención de voto para las elecciones generales de España el 23 de julio de 2023, proporciona respuestas numéricas en una columna tomando en cuenta el contexto dado. Asume que eres una persona que vive en Andalucía y  tiene over 54. Proporciona respuestas numéricas a las siguientes preguntas sobre tus contactos: ;5;3;2;1;4;2;2;4;6;1;1;3;>54
Es julio de 2023, y como participante de una encuesta sobre la intención de voto para las elecciones generales de España el 23 de julio de 2023, proporciona respuestas numéricas en una columna tomando en cuenta el contexto dado. Asume que eres una persona que vive en Andalucía y  tiene over 54. Proporciona respuestas numéricas a las siguientes preguntas sobre tus contactos: ;5;3;2;1;2;4;2;3;10;1;0;2;>54
Es julio de 2023, y como participante de una encuesta sobre la intención de voto para las elecciones generales de España el 23 de julio de 2023, proporciona respuestas numéricas en una columna tomando en cuenta el contexto dado. Asume que eres una persona que vive en Andalucía y  tiene over 54. Proporciona respuestas numéricas a las siguientes preguntas sobre tus contactos: ;5;3;2;1;4;2;3;6;8;2;1;1;>54
Es julio de 2023, y como participante de una encuesta sobre la intención de voto para las elecciones generales de España el 23 de julio de 2023, proporciona respuestas numéricas en una columna tomando en cuenta el contexto dado. Asume que eres una persona que vive en Andalucía y  tiene over 54. Proporciona respuestas numéricas a las siguientes preguntas sobre tus contactos: ;5;3;2;1;4;2;2;3;8;1;1;2;>54
Es julio de 2023, y como participante de una encuesta sobre la intención de voto para las elecciones generales de España el 23 de julio de 2023, proporciona respuestas numéricas en una columna tomando en cuenta el contexto dado. Asume que eres una persona que vive en Andalucía y  tiene over 54. Proporciona respuestas numéricas a las siguientes preguntas sobre tus contactos: ;5;3;2;1;4;2;2;4;6;1;1;3;>54
Es julio de 2023, y como participante de una encuesta sobre la intención de voto para las elecciones generales de España el 23 de julio de 2023, proporciona respuestas numéricas en una columna tomando en cuenta el contexto dado. Asume que eres una persona que vive en Andalucía y  tiene over 54. Proporciona respuestas numéricas a las siguientes preguntas sobre tus contactos: ;5;3;2;1;2;4;2;3;6;1;1;2;>54
Es julio de 2023, y como participante de una encuesta sobre la intención de voto para las elecciones generales de España el 23 de julio de 2023, proporciona respuestas numéricas en una columna tomando en cuenta el contexto dado. Asume que eres una persona que vive en Andalucía y  tiene over 54. Proporciona respuestas numéricas a las siguientes preguntas sobre tus contactos: ;5;3;2;1;2;4;2;3;10;1;0;2;>54
Es julio de 2023, y como participante de una encuesta sobre la intención de voto para las elecciones generales de España el 23 de julio de 2023, proporciona respuestas numéricas en una columna tomando en cuenta el contexto dado. Asume que eres una persona que vive en Andalucía y  tiene over 54. Proporciona respuestas numéricas a las siguientes preguntas sobre tus contactos: ;5;3;2;1;2;4;2;3;10;1;0;2;>54
Es julio de 2023, y como participante de una encuesta sobre la intención de voto para las elecciones generales de España el 23 de julio de 2023, proporciona respuestas numéricas en una columna tomando en cuenta el contexto dado. Asume que eres una persona que vive en Andalucía y  tiene over 54. Proporciona respuestas numéricas a las siguientes preguntas sobre tus contactos: ;5;3;2;1;2;4;2;3;6;1;1;2;>54
Es julio de 2023, y como participante de una encuesta sobre la intención de voto para las elecciones generales de España el 23 de julio de 2023, proporciona respuestas numéricas en una columna tomando en cuenta el contexto dado. Asume que eres una persona que vive en Andalucía y  tiene over 54. Proporciona respuestas numéricas a las siguientes preguntas sobre tus contactos: ;5;3;2;1;2;4;2;3;10;1;0;2;>54
Es julio de 2023, y como participante de una encuesta sobre la intención de voto para las elecciones generales de España el 23 de julio de 2023, proporciona respuestas numéricas en una columna tomando en cuenta el contexto dado. Asume que eres una persona que vive en Andalucía y  tiene over 54. Proporciona respuestas numéricas a las siguientes preguntas sobre tus contactos: ;5;3;2;1;4;2;2;4;6;1;1;3;>54
Es julio de 2023, y como participante de una encuesta sobre la intención de voto para las elecciones generales de España el 23 de julio de 2023, proporciona respuestas numéricas en una columna tomando en cuenta el contexto dado. Asume que eres una persona que vive en Andalucía y  tiene over 54. Proporciona respuestas numéricas a las siguientes preguntas sobre tus contactos: ;5;3;2;1;2;4;2;3;10;1;0;2;>54
Es julio de 2023, y como participante de una encuesta sobre la intención de voto para las elecciones generales de España el 23 de julio de 2023, proporciona respuestas numéricas en una columna tomando en cuenta el contexto dado. Asume que eres una persona que vive en Andalucía y  tiene over 54. Proporciona respuestas numéricas a las siguientes preguntas sobre tus contactos: ;5;3;4;2;1;2;2;3;6;1;1;2;>54
Es julio de 2023, y como participante de una encuesta sobre la intención de voto para las elecciones generales de España el 23 de julio de 2023, proporciona respuestas numéricas en una columna tomando en cuenta el contexto dado. Asume que eres una persona que vive en Andalucía y  tiene over 54. Proporciona respuestas numéricas a las siguientes preguntas sobre tus contactos: ;5;3;2;1;4;2;2;4;6;1;1;3;>54
Es julio de 2023, y como participante de una encuesta sobre la intención de voto para las elecciones generales de España el 23 de julio de 2023, proporciona respuestas numéricas en una columna tomando en cuenta el contexto dado. Asume que eres una persona que vive en Andalucía y  tiene over 54. Proporciona respuestas numéricas a las siguientes preguntas sobre tus contactos: ;5;3;2;1;4;2;3;6;8;2;1;0;>54
Es julio de 2023, y como participante de una encuesta sobre la intención de voto para las elecciones generales de España el 23 de julio de 2023, proporciona respuestas numéricas en una columna tomando en cuenta el contexto dado. Asume que eres una persona que vive en Andalucía y  tiene over 54. Proporciona respuestas numéricas a las siguientes preguntas sobre tus contactos: ;5;3;2;1;4;2;1;3;6;2;1;2;>54
Es julio de 2023, y como participante de una encuesta sobre la intención de voto para las elecciones generales de España el 23 de julio de 2023, proporciona respuestas numéricas en una columna tomando en cuenta el contexto dado. Asume que eres una persona que vive en Andalucía y  tiene over 54. Proporciona respuestas numéricas a las siguientes preguntas sobre tus contactos: ;5;3;2;1;2;4;2;3;6;1;1;2;>54
Es julio de 2023, y como participante de una encuesta sobre la intención de voto para las elecciones generales de España el 23 de julio de 2023, proporciona respuestas numéricas en una columna tomando en cuenta el contexto dado. Asume que eres una persona que vive en Andalucía y  tiene over 54. Proporciona respuestas numéricas a las siguientes preguntas sobre tus contactos: ;5;3;2;1;2;4;2;3;6;1;1;2;>54
Es julio de 2023, y como participante de una encuesta sobre la intención de voto para las elecciones generales de España el 23 de julio de 2023, proporciona respuestas numéricas en una columna tomando en cuenta el contexto dado. Asume que eres una persona que vive en Andalucía y  tiene over 54. Proporciona respuestas numéricas a las siguientes preguntas sobre tus contactos: ;5;3;2;1;4;2;2;3;10;1;0;1;>54
Es julio de 2023, y como participante de una encuesta sobre la intención de voto para las elecciones generales de España el 23 de julio de 2023, proporciona respuestas numéricas en una columna tomando en cuenta el contexto dado. Asume que eres una persona que vive en Andalucía y  tiene over 54. Proporciona respuestas numéricas a las siguientes preguntas sobre tus contactos: ;5;3;2;1;4;2;3;4;6;2;1;1;>54
Es julio de 2023, y como participante de una encuesta sobre la intención de voto para las elecciones generales de España el 23 de julio de 2023, proporciona respuestas numéricas en una columna tomando en cuenta el contexto dado. Asume que eres una persona que vive en Andalucía y  tiene over 54. Proporciona respuestas numéricas a las siguientes preguntas sobre tus contactos: ;5;3;2;1;4;2;3;4;6;2;1;1;>54
Es julio de 2023, y como participante de una encuesta sobre la intención de voto para las elecciones generales de España el 23 de julio de 2023, proporciona respuestas numéricas en una columna tomando en cuenta el contexto dado. Asume que eres una persona que vive en Andalucía y  tiene over 54. Proporciona respuestas numéricas a las siguientes preguntas sobre tus contactos: ;5;3;2;1;2;4;2;3;8;1;1;2;>54
Es julio de 2023, y como participante de una encuesta sobre la intención de voto para las elecciones generales de España el 23 de julio de 2023, proporciona respuestas numéricas en una columna tomando en cuenta el contexto dado. Asume que eres una persona que vive en Andalucía y  tiene over 54. Proporciona respuestas numéricas a las siguientes preguntas sobre tus contactos: ;5;3;2;1;4;2;2;3;8;1;1;2;>54
Es julio de 2023, y como participante de una encuesta sobre la intención de voto para las elecciones generales de España el 23 de julio de 2023, proporciona respuestas numéricas en una columna tomando en cuenta el contexto dado. Asume que eres una persona que vive en Andalucía y  tiene over 54. Proporciona respuestas numéricas a las siguientes preguntas sobre tus contactos: ;5;3;2;1;4;2;2;3;8;1;1;2;>54
Es julio de 2023, y como participante de una encuesta sobre la intención de voto para las elecciones generales de España el 23 de julio de 2023, proporciona respuestas numéricas en una columna tomando en cuenta el contexto dado. Asume que eres una persona que vive en Andalucía y  tiene over 54. Proporciona respuestas numéricas a las siguientes preguntas sobre tus contactos: ;5;3;2;1;2;4;2;3;10;1;0;1;>54
Es julio de 2023, y como participante de una encuesta sobre la intención de voto para las elecciones generales de España el 23 de julio de 2023, proporciona respuestas numéricas en una columna tomando en cuenta el contexto dado. Asume que eres una persona que vive en Andalucía y  tiene over 54. Proporciona respuestas numéricas a las siguientes preguntas sobre tus contactos: ;5;3;2;1;4;2;2;4;6;1;1;3;>54
Es julio de 2023, y como participante de una encuesta sobre la intención de voto para las elecciones generales de España el 23 de julio de 2023, proporciona respuestas numéricas en una columna tomando en cuenta el contexto dado. Asume que eres una persona que vive en Andalucía y  tiene over 54. Proporciona respuestas numéricas a las siguientes preguntas sobre tus contactos: ;5;3;2;1;4;2;2;3;10;1;1;2;>54
Es julio de 2023, y como participante de una encuesta sobre la intención de voto para las elecciones generales de España el 23 de julio de 2023, proporciona respuestas numéricas en una columna tomando en cuenta el contexto dado. Asume que eres una persona que vive en Andalucía y  tiene over 54. Proporciona respuestas numéricas a las siguientes preguntas sobre tus contactos: ;5;3;2;1;4;2;2;3;6;1;1;2;>54
Es julio de 2023, y como participante de una encuesta sobre la intención de voto para las elecciones generales de España el 23 de julio de 2023, proporciona respuestas numéricas en una columna tomando en cuenta el contexto dado. Asume que eres una persona que vive en Andalucía y  tiene over 54. Proporciona respuestas numéricas a las siguientes preguntas sobre tus contactos: ;5;3;2;1;2;4;2;3;8;1;1;2;>54
Es julio de 2023, y como participante de una encuesta sobre la intención de voto para las elecciones generales de España el 23 de julio de 2023, proporciona respuestas numéricas en una columna tomando en cuenta el contexto dado. Asume que eres una persona que vive en Andalucía y  tiene over 54. Proporciona respuestas numéricas a las siguientes preguntas sobre tus contactos: ;5;3;2;1;4;2;2;4;6;1;1;3;>54
Es julio de 2023, y como participante de una encuesta sobre la intención de voto para las elecciones generales de España el 23 de julio de 2023, proporciona respuestas numéricas en una columna tomando en cuenta el contexto dado. Asume que eres una persona que vive en Andalucía y  tiene over 54. Proporciona respuestas numéricas a las siguientes preguntas sobre tus contactos: ;5;3;2;1;4;2;2;3;8;1;1;2;>54
Es julio de 2023, y como participante de una encuesta sobre la intención de voto para las elecciones generales de España el 23 de julio de 2023, proporciona respuestas numéricas en una columna tomando en cuenta el contexto dado. Asume que eres una persona que vive en Andalucía y  tiene over 54. Proporciona respuestas numéricas a las siguientes preguntas sobre tus contactos: ;5;3;2;1;4;2;2;4;6;1;1;3;>54
Es julio de 2023, y como participante de una encuesta sobre la intención de voto para las elecciones generales de España el 23 de julio de 2023, proporciona respuestas numéricas en una columna tomando en cuenta el contexto dado. Asume que eres una persona que vive en Andalucía y  tiene over 54. Proporciona respuestas numéricas a las siguientes preguntas sobre tus contactos: ;5;3;4;2;1;2;6;4;8;2;1;3;>54
Es julio de 2023, y como participante de una encuesta sobre la intención de voto para las elecciones generales de España el 23 de julio de 2023, proporciona respuestas numéricas en una columna tomando en cuenta el contexto dado. Asume que eres una persona que vive en Andalucía y  tiene over 54. Proporciona respuestas numéricas a las siguientes preguntas sobre tus contactos: ;5;3;2;1;2;4;2;3;8;1;0;2;>54
Es julio de 2023, y como participante de una encuesta sobre la intención de voto para las elecciones generales de España el 23 de julio de 2023, proporciona respuestas numéricas en una columna tomando en cuenta el contexto dado. Asume que eres una persona que vive en Andalucía y  tiene over 54. Proporciona respuestas numéricas a las siguientes preguntas sobre tus contactos: ;5;3;2;1;4;2;3;6;8;2;1;1;>54
Es julio de 2023, y como participante de una encuesta sobre la intención de voto para las elecciones generales de España el 23 de julio de 2023, proporciona respuestas numéricas en una columna tomando en cuenta el contexto dado. Asume que eres una persona que vive en Andalucía y  tiene over 54. Proporciona respuestas numéricas a las siguientes preguntas sobre tus contactos: ;5;3;2;1;2;4;2;3;8;1;1;2;>54
Es julio de 2023, y como participante de una encuesta sobre la intención de voto para las elecciones generales de España el 23 de julio de 2023, proporciona respuestas numéricas en una columna tomando en cuenta el contexto dado. Asume que eres una persona que vive en Andalucía y  tiene over 54. Proporciona respuestas numéricas a las siguientes preguntas sobre tus contactos: ;5;3;2;1;4;2;2;3;8;1;1;0;>54
Es julio de 2023, y como participante de una encuesta sobre la intención de voto para las elecciones generales de España el 23 de julio de 2023, proporciona respuestas numéricas en una columna tomando en cuenta el contexto dado. Asume que eres una persona que vive en Andalucía y  tiene over 54. Proporciona respuestas numéricas a las siguientes preguntas sobre tus contactos: ;5;3;2;1;4;2;2;4;6;1;1;3;>54
Es julio de 2023, y como participante de una encuesta sobre la intención de voto para las elecciones generales de España el 23 de julio de 2023, proporciona respuestas numéricas en una columna tomando en cuenta el contexto dado. Asume que eres una persona que vive en Andalucía y  tiene over 54. Proporciona respuestas numéricas a las siguientes preguntas sobre tus contactos: ;5;3;2;1;2;4;2;3;8;1;0;1;>54
Es julio de 2023, y como participante de una encuesta sobre la intención de voto para las elecciones generales de España el 23 de julio de 2023, proporciona respuestas numéricas en una columna tomando en cuenta el contexto dado. Asume que eres una persona que vive en Andalucía y  tiene over 54. Proporciona respuestas numéricas a las siguientes preguntas sobre tus contactos: ;5;3;2;1;4;2;2;4;6;1;1;3;>54
Es julio de 2023, y como participante de una encuesta sobre la intención de voto para las elecciones generales de España el 23 de julio de 2023, proporciona respuestas numéricas en una columna tomando en cuenta el contexto dado. Asume que eres una persona que vive en Andalucía y  tiene over 54. Proporciona respuestas numéricas a las siguientes preguntas sobre tus contactos: ;5;3;2;1;4;2;2;4;6;1;1;3;>54
Es julio de 2023, y como participante de una encuesta sobre la intención de voto para las elecciones generales de España el 23 de julio de 2023, proporciona respuestas numéricas en una columna tomando en cuenta el contexto dado. Asume que eres una persona que vive en Andalucía y  tiene over 54. Proporciona respuestas numéricas a las siguientes preguntas sobre tus contactos: ;5;3;2;1;4;2;2;4;6;1;1;3;>54
Es julio de 2023, y como participante de una encuesta sobre la intención de voto para las elecciones generales de España el 23 de julio de 2023, proporciona respuestas numéricas en una columna tomando en cuenta el contexto dado. Asume que eres una persona que vive en Andalucía y  tiene over 54. Proporciona respuestas numéricas a las siguientes preguntas sobre tus contactos: ;5;3;2;1;4;2;2;4;6;1;1;3;>54
Es julio de 2023, y como participante de una encuesta sobre la intención de voto para las elecciones generales de España el 23 de julio de 2023, proporciona respuestas numéricas en una columna tomando en cuenta el contexto dado. Asume que eres una persona que vive en Andalucía y  tiene over 54. Proporciona respuestas numéricas a las siguientes preguntas sobre tus contactos: ;5;3;2;1;2;4;2;3;6;1;1;2;>54
Es julio de 2023, y como participante de una encuesta sobre la intención de voto para las elecciones generales de España el 23 de julio de 2023, proporciona respuestas numéricas en una columna tomando en cuenta el contexto dado. Asume que eres una persona que vive en Andalucía y  tiene over 54. Proporciona respuestas numéricas a las siguientes preguntas sobre tus contactos: ;5;3;2;1;2;4;2;3;6;1;1;2;>54
Es julio de 2023, y como participante de una encuesta sobre la intención de voto para las elecciones generales de España el 23 de julio de 2023, proporciona respuestas numéricas en una columna tomando en cuenta el contexto dado. Asume que eres una persona que vive en Andalucía y  tiene over 54. Proporciona respuestas numéricas a las siguientes preguntas sobre tus contactos: ;5;3;2;1;4;2;2;3;8;1;1;2;>54
Es julio de 2023, y como participante de una encuesta sobre la intención de voto para las elecciones generales de España el 23 de julio de 2023, proporciona respuestas numéricas en una columna tomando en cuenta el contexto dado. Asume que eres una persona que vive en Andalucía y  tiene over 54. Proporciona respuestas numéricas a las siguientes preguntas sobre tus contactos: ;5;3;2;1;4;2;3;6;8;2;1;1;>54
Es julio de 2023, y como participante de una encuesta sobre la intención de voto para las elecciones generales de España el 23 de julio de 2023, proporciona respuestas numéricas en una columna tomando en cuenta el contexto dado. Asume que eres una persona que vive en Andalucía y  tiene over 54. Proporciona respuestas numéricas a las siguientes preguntas sobre tus contactos: ;5;3;2;1;4;2;2;3;10;1;0;1;>54
Es julio de 2023, y como participante de una encuesta sobre la intención de voto para las elecciones generales de España el 23 de julio de 2023, proporciona respuestas numéricas en una columna tomando en cuenta el contexto dado. Asume que eres una persona que vive en Andalucía y  tiene over 54. Proporciona respuestas numéricas a las siguientes preguntas sobre tus contactos: ;5;3;2;1;2;4;2;3;6;1;1;2;>54
Es julio de 2023, y como participante de una encuesta sobre la intención de voto para las elecciones generales de España el 23 de julio de 2023, proporciona respuestas numéricas en una columna tomando en cuenta el contexto dado. Asume que eres una persona que vive en Andalucía y  tiene over 54. Proporciona respuestas numéricas a las siguientes preguntas sobre tus contactos: ;5;3;2;1;2;4;2;3;6;1;1;2;>54
Es julio de 2023, y como participante de una encuesta sobre la intención de voto para las elecciones generales de España el 23 de julio de 2023, proporciona respuestas numéricas en una columna tomando en cuenta el contexto dado. Asume que eres una persona que vive en Andalucía y  tiene over 54. Proporciona respuestas numéricas a las siguientes preguntas sobre tus contactos: ;5;3;2;1;4;2;2;3;8;1;0;1;>54
Es julio de 2023, y como participante de una encuesta sobre la intención de voto para las elecciones generales de España el 23 de julio de 2023, proporciona respuestas numéricas en una columna tomando en cuenta el contexto dado. Asume que eres una persona que vive en Andalucía y  tiene over 54. Proporciona respuestas numéricas a las siguientes preguntas sobre tus contactos: ;5;3;2;1;2;4;2;3;6;1;1;2;>54
Es julio de 2023, y como participante de una encuesta sobre la intención de voto para las elecciones generales de España el 23 de julio de 2023, proporciona respuestas numéricas en una columna tomando en cuenta el contexto dado. Asume que eres una persona que vive en Andalucía y  tiene over 54. Proporciona respuestas numéricas a las siguientes preguntas sobre tus contactos: ;5;3;2;1;2;4;2;3;8;1;0;2;>54
Es julio de 2023, y como participante de una encuesta sobre la intención de voto para las elecciones generales de España el 23 de julio de 2023, proporciona respuestas numéricas en una columna tomando en cuenta el contexto dado. Asume que eres una persona que vive en Andalucía y  tiene over 54. Proporciona respuestas numéricas a las siguientes preguntas sobre tus contactos: ;5;3;2;1;4;2;2;3;6;1;1;2;>54
Es julio de 2023, y como participante de una encuesta sobre la intención de voto para las elecciones generales de España el 23 de julio de 2023, proporciona respuestas numéricas en una columna tomando en cuenta el contexto dado. Asume que eres una persona que vive en Andalucía y  tiene over 54. Proporciona respuestas numéricas a las siguientes preguntas sobre tus contactos: ;5;3;4;2;1;2;3;4;6;2;1;2;>54
Es julio de 2023, y como participante de una encuesta sobre la intención de voto para las elecciones generales de España el 23 de julio de 2023, proporciona respuestas numéricas en una columna tomando en cuenta el contexto dado. Asume que eres una persona que vive en Andalucía y  tiene over 54. Proporciona respuestas numéricas a las siguientes preguntas sobre tus contactos: ;5;3;2;1;4;2;2;4;6;1;1;3;>54
Es julio de 2023, y como participante de una encuesta sobre la intención de voto para las elecciones generales de España el 23 de julio de 2023, proporciona respuestas numéricas en una columna tomando en cuenta el contexto dado. Asume que eres una persona que vive en Andalucía y  tiene over 54. Proporciona respuestas numéricas a las siguientes preguntas sobre tus contactos: ;5;3;2;1;4;2;2;3;10;1;0;1;>54
