Rol;pp;psoe;vox;sumar;blank;q6;age.18.34;age.35.54;age.over54;independent;doctor;unemployed;age
Es julio de 2023, y como participante de una encuesta sobre la intención de voto para las elecciones generales de España el 23 de julio de 2023, proporciona respuestas numéricas en una columna tomando en cuenta el contexto dado. Asume que eres una persona que vive en Madrid y tiene between 18  and  24 years old. Proporciona respuestas numéricas a las siguientes preguntas sobre tus contactos: ;12;15;10;5;20;30;50;15;5;8;2;7;18-24
Es julio de 2023, y como participante de una encuesta sobre la intención de voto para las elecciones generales de España el 23 de julio de 2023, proporciona respuestas numéricas en una columna tomando en cuenta el contexto dado. Asume que eres una persona que vive en Madrid y tiene between 18  and  24 years old. Proporciona respuestas numéricas a las siguientes preguntas sobre tus contactos: ;10;15;8;5;12;20;30;20;15;10;3;5;18-24
Es julio de 2023, y como participante de una encuesta sobre la intención de voto para las elecciones generales de España el 23 de julio de 2023, proporciona respuestas numéricas en una columna tomando en cuenta el contexto dado. Asume que eres una persona que vive en Madrid y tiene between 18  and  24 years old. Proporciona respuestas numéricas a las siguientes preguntas sobre tus contactos: ;10;15;5;2;8;20;25;10;5;5;3;7;18-24
Es julio de 2023, y como participante de una encuesta sobre la intención de voto para las elecciones generales de España el 23 de julio de 2023, proporciona respuestas numéricas en una columna tomando en cuenta el contexto dado. Asume que eres una persona que vive en Madrid y tiene between 18  and  24 years old. Proporciona respuestas numéricas a las siguientes preguntas sobre tus contactos: ;15;20;10;5;15;20;45;20;10;15;5;10;18-24
Es julio de 2023, y como participante de una encuesta sobre la intención de voto para las elecciones generales de España el 23 de julio de 2023, proporciona respuestas numéricas en una columna tomando en cuenta el contexto dado. Asume que eres una persona que vive en Madrid y tiene between 18  and  24 years old. Proporciona respuestas numéricas a las siguientes preguntas sobre tus contactos: ;12;15;5;3;20;5;35;15;10;10;3;5;18-24
Es julio de 2023, y como participante de una encuesta sobre la intención de voto para las elecciones generales de España el 23 de julio de 2023, proporciona respuestas numéricas en una columna tomando en cuenta el contexto dado. Asume que eres una persona que vive en Madrid y tiene between 18  and  24 years old. Proporciona respuestas numéricas a las siguientes preguntas sobre tus contactos: ;15;25;10;5;20;30;70;20;10;5;3;10;18-24
Es julio de 2023, y como participante de una encuesta sobre la intención de voto para las elecciones generales de España el 23 de julio de 2023, proporciona respuestas numéricas en una columna tomando en cuenta el contexto dado. Asume que eres una persona que vive en Madrid y tiene between 18  and  24 years old. Proporciona respuestas numéricas a las siguientes preguntas sobre tus contactos: ;9;14;5;3;15;18;40;21;8;7;2;5;18-24
Es julio de 2023, y como participante de una encuesta sobre la intención de voto para las elecciones generales de España el 23 de julio de 2023, proporciona respuestas numéricas en una columna tomando en cuenta el contexto dado. Asume que eres una persona que vive en Madrid y tiene between 18  and  24 years old. Proporciona respuestas numéricas a las siguientes preguntas sobre tus contactos: ;10;20;3;1;10;2;45;10;5;4;2;3;18-24
Es julio de 2023, y como participante de una encuesta sobre la intención de voto para las elecciones generales de España el 23 de julio de 2023, proporciona respuestas numéricas en una columna tomando en cuenta el contexto dado. Asume que eres una persona que vive en Madrid y tiene between 18  and  24 years old. Proporciona respuestas numéricas a las siguientes preguntas sobre tus contactos: ;10;15;5;0;20;25;30;17;5;12;3;10;18-24
Es julio de 2023, y como participante de una encuesta sobre la intención de voto para las elecciones generales de España el 23 de julio de 2023, proporciona respuestas numéricas en una columna tomando en cuenta el contexto dado. Asume que eres una persona que vive en Madrid y tiene between 18  and  24 years old. Proporciona respuestas numéricas a las siguientes preguntas sobre tus contactos: ;15;20;10;5;25;20;50;20;10;15;5;10;18-24
Es julio de 2023, y como participante de una encuesta sobre la intención de voto para las elecciones generales de España el 23 de julio de 2023, proporciona respuestas numéricas en una columna tomando en cuenta el contexto dado. Asume que eres una persona que vive en Madrid y tiene between 18  and  24 years old. Proporciona respuestas numéricas a las siguientes preguntas sobre tus contactos: ;5;7;2;1;3;5;10;4;2;3;2;4;18-24
Es julio de 2023, y como participante de una encuesta sobre la intención de voto para las elecciones generales de España el 23 de julio de 2023, proporciona respuestas numéricas en una columna tomando en cuenta el contexto dado. Asume que eres una persona que vive en Madrid y tiene between 18  and  24 years old. Proporciona respuestas numéricas a las siguientes preguntas sobre tus contactos: ;15;20;5;2;10;15;42;8;5;10;5;7;18-24
Es julio de 2023, y como participante de una encuesta sobre la intención de voto para las elecciones generales de España el 23 de julio de 2023, proporciona respuestas numéricas en una columna tomando en cuenta el contexto dado. Asume que eres una persona que vive en Madrid y tiene between 18  and  24 years old. Proporciona respuestas numéricas a las siguientes preguntas sobre tus contactos: ;15;25;10;5;20;30;50;15;10;5;2;10;18-24
Es julio de 2023, y como participante de una encuesta sobre la intención de voto para las elecciones generales de España el 23 de julio de 2023, proporciona respuestas numéricas en una columna tomando en cuenta el contexto dado. Asume que eres una persona que vive en Madrid y tiene between 18  and  24 years old. Proporciona respuestas numéricas a las siguientes preguntas sobre tus contactos: ;15;10;20;5;12;18;30;20;5;7;3;10;18-24
Es julio de 2023, y como participante de una encuesta sobre la intención de voto para las elecciones generales de España el 23 de julio de 2023, proporciona respuestas numéricas en una columna tomando en cuenta el contexto dado. Asume que eres una persona que vive en Madrid y tiene between 18  and  24 years old. Proporciona respuestas numéricas a las siguientes preguntas sobre tus contactos: ;15;25;12;8;20;18;45;25;8;20;5;10;18-24
Es julio de 2023, y como participante de una encuesta sobre la intención de voto para las elecciones generales de España el 23 de julio de 2023, proporciona respuestas numéricas en una columna tomando en cuenta el contexto dado. Asume que eres una persona que vive en Madrid y tiene between 18  and  24 years old. Proporciona respuestas numéricas a las siguientes preguntas sobre tus contactos: ;7;15;4;2;3;10;20;8;2;5;3;7;18-24
Es julio de 2023, y como participante de una encuesta sobre la intención de voto para las elecciones generales de España el 23 de julio de 2023, proporciona respuestas numéricas en una columna tomando en cuenta el contexto dado. Asume que eres una persona que vive en Madrid y tiene between 18  and  24 years old. Proporciona respuestas numéricas a las siguientes preguntas sobre tus contactos: ;5;10;2;1;4;6;12;7;2;3;1;4;18-24
Es julio de 2023, y como participante de una encuesta sobre la intención de voto para las elecciones generales de España el 23 de julio de 2023, proporciona respuestas numéricas en una columna tomando en cuenta el contexto dado. Asume que eres una persona que vive en Madrid y tiene between 18  and  24 years old. Proporciona respuestas numéricas a las siguientes preguntas sobre tus contactos: ;15;10;7;2;10;20;40;10;5;10;3;7;18-24
Es julio de 2023, y como participante de una encuesta sobre la intención de voto para las elecciones generales de España el 23 de julio de 2023, proporciona respuestas numéricas en una columna tomando en cuenta el contexto dado. Asume que eres una persona que vive en Madrid y tiene between 25  and  34 years old. Proporciona respuestas numéricas a las siguientes preguntas sobre tus contactos: ;25;30;10;5;15;20;50;30;20;15;5;10;25-34
Es julio de 2023, y como participante de una encuesta sobre la intención de voto para las elecciones generales de España el 23 de julio de 2023, proporciona respuestas numéricas en una columna tomando en cuenta el contexto dado. Asume que eres una persona que vive en Madrid y tiene between 25  and  34 years old. Proporciona respuestas numéricas a las siguientes preguntas sobre tus contactos: ;3;7;2;1;9;5;13;10;2;4;1;2;25-34
Es julio de 2023, y como participante de una encuesta sobre la intención de voto para las elecciones generales de España el 23 de julio de 2023, proporciona respuestas numéricas en una columna tomando en cuenta el contexto dado. Asume que eres una persona que vive en Madrid y tiene between 25  and  34 years old. Proporciona respuestas numéricas a las siguientes preguntas sobre tus contactos: ;15;20;10;5;30;20;50;20;10;5;2;10;25-34
Es julio de 2023, y como participante de una encuesta sobre la intención de voto para las elecciones generales de España el 23 de julio de 2023, proporciona respuestas numéricas en una columna tomando en cuenta el contexto dado. Asume que eres una persona que vive en Madrid y tiene between 25  and  34 years old. Proporciona respuestas numéricas a las siguientes preguntas sobre tus contactos: ;10;15;5;3;7;20;25;30;10;15;2;4;25-34
Es julio de 2023, y como participante de una encuesta sobre la intención de voto para las elecciones generales de España el 23 de julio de 2023, proporciona respuestas numéricas en una columna tomando en cuenta el contexto dado. Asume que eres una persona que vive en Madrid y tiene between 25  and  34 years old. Proporciona respuestas numéricas a las siguientes preguntas sobre tus contactos: ;20;15;7;2;8;12;40;17;10;4;6;5;25-34
Es julio de 2023, y como participante de una encuesta sobre la intención de voto para las elecciones generales de España el 23 de julio de 2023, proporciona respuestas numéricas en una columna tomando en cuenta el contexto dado. Asume que eres una persona que vive en Madrid y tiene between 25  and  34 years old. Proporciona respuestas numéricas a las siguientes preguntas sobre tus contactos: ;10;15;5;2;25;20;35;20;5;10;3;8;25-34
Es julio de 2023, y como participante de una encuesta sobre la intención de voto para las elecciones generales de España el 23 de julio de 2023, proporciona respuestas numéricas en una columna tomando en cuenta el contexto dado. Asume que eres una persona que vive en Madrid y tiene between 25  and  34 years old. Proporciona respuestas numéricas a las siguientes preguntas sobre tus contactos: ;30;50;20;10;15;25;60;50;20;30;10;15;25-34
Es julio de 2023, y como participante de una encuesta sobre la intención de voto para las elecciones generales de España el 23 de julio de 2023, proporciona respuestas numéricas en una columna tomando en cuenta el contexto dado. Asume que eres una persona que vive en Madrid y tiene between 25  and  34 years old. Proporciona respuestas numéricas a las siguientes preguntas sobre tus contactos: ;15;20;5;0;10;50;30;25;15;20;3;10;25-34
Es julio de 2023, y como participante de una encuesta sobre la intención de voto para las elecciones generales de España el 23 de julio de 2023, proporciona respuestas numéricas en una columna tomando en cuenta el contexto dado. Asume que eres una persona que vive en Madrid y tiene between 25  and  34 years old. Proporciona respuestas numéricas a las siguientes preguntas sobre tus contactos: ;15;20;10;5;8;12;30;20;10;7;3;5;25-34
Es julio de 2023, y como participante de una encuesta sobre la intención de voto para las elecciones generales de España el 23 de julio de 2023, proporciona respuestas numéricas en una columna tomando en cuenta el contexto dado. Asume que eres una persona que vive en Madrid y tiene between 25  and  34 years old. Proporciona respuestas numéricas a las siguientes preguntas sobre tus contactos: ;10;15;5;2;8;20;30;25;15;5;2;3;25-34
Es julio de 2023, y como participante de una encuesta sobre la intención de voto para las elecciones generales de España el 23 de julio de 2023, proporciona respuestas numéricas en una columna tomando en cuenta el contexto dado. Asume que eres una persona que vive en Madrid y tiene between 25  and  34 years old. Proporciona respuestas numéricas a las siguientes preguntas sobre tus contactos: ;20;30;5;2;10;15;70;40;20;12;3;8;25-34
Es julio de 2023, y como participante de una encuesta sobre la intención de voto para las elecciones generales de España el 23 de julio de 2023, proporciona respuestas numéricas en una columna tomando en cuenta el contexto dado. Asume que eres una persona que vive en Madrid y tiene between 25  and  34 years old. Proporciona respuestas numéricas a las siguientes preguntas sobre tus contactos: ;20;25;15;7;10;23;60;20;15;9;5;8;25-34
Es julio de 2023, y como participante de una encuesta sobre la intención de voto para las elecciones generales de España el 23 de julio de 2023, proporciona respuestas numéricas en una columna tomando en cuenta el contexto dado. Asume que eres una persona que vive en Madrid y tiene between 25  and  34 years old. Proporciona respuestas numéricas a las siguientes preguntas sobre tus contactos: ;20;15;5;3;10;30;40;25;10;12;3;7;25-34
Es julio de 2023, y como participante de una encuesta sobre la intención de voto para las elecciones generales de España el 23 de julio de 2023, proporciona respuestas numéricas en una columna tomando en cuenta el contexto dado. Asume que eres una persona que vive en Madrid y tiene between 25  and  34 years old. Proporciona respuestas numéricas a las siguientes preguntas sobre tus contactos: ;15;10;5;2;7;10;30;20;5;8;4;7;25-34
Es julio de 2023, y como participante de una encuesta sobre la intención de voto para las elecciones generales de España el 23 de julio de 2023, proporciona respuestas numéricas en una columna tomando en cuenta el contexto dado. Asume que eres una persona que vive en Madrid y tiene between 25  and  34 years old. Proporciona respuestas numéricas a las siguientes preguntas sobre tus contactos: ;15;25;3;0;7;10;30;20;10;5;2;4;25-34
Es julio de 2023, y como participante de una encuesta sobre la intención de voto para las elecciones generales de España el 23 de julio de 2023, proporciona respuestas numéricas en una columna tomando en cuenta el contexto dado. Asume que eres una persona que vive en Madrid y tiene between 25  and  34 years old. Proporciona respuestas numéricas a las siguientes preguntas sobre tus contactos: ;15;20;10;5;30;20;60;25;15;20;7;15;25-34
Es julio de 2023, y como participante de una encuesta sobre la intención de voto para las elecciones generales de España el 23 de julio de 2023, proporciona respuestas numéricas en una columna tomando en cuenta el contexto dado. Asume que eres una persona que vive en Madrid y tiene between 25  and  34 years old. Proporciona respuestas numéricas a las siguientes preguntas sobre tus contactos: ;12;8;4;1;10;15;20;15;5;8;2;6;25-34
Es julio de 2023, y como participante de una encuesta sobre la intención de voto para las elecciones generales de España el 23 de julio de 2023, proporciona respuestas numéricas en una columna tomando en cuenta el contexto dado. Asume que eres una persona que vive en Madrid y tiene between 25  and  34 years old. Proporciona respuestas numéricas a las siguientes preguntas sobre tus contactos: ;15;25;12;8;40;20;50;30;20;15;5;10;25-34
Es julio de 2023, y como participante de una encuesta sobre la intención de voto para las elecciones generales de España el 23 de julio de 2023, proporciona respuestas numéricas en una columna tomando en cuenta el contexto dado. Asume que eres una persona que vive en Madrid y tiene between 25  and  34 years old. Proporciona respuestas numéricas a las siguientes preguntas sobre tus contactos: ;15;20;5;10;25;15;50;30;20;10;5;10;25-34
Es julio de 2023, y como participante de una encuesta sobre la intención de voto para las elecciones generales de España el 23 de julio de 2023, proporciona respuestas numéricas en una columna tomando en cuenta el contexto dado. Asume que eres una persona que vive en Madrid y tiene between 25  and  34 years old. Proporciona respuestas numéricas a las siguientes preguntas sobre tus contactos: ;10;15;5;3;8;12;30;20;10;6;4;5;25-34
Es julio de 2023, y como participante de una encuesta sobre la intención de voto para las elecciones generales de España el 23 de julio de 2023, proporciona respuestas numéricas en una columna tomando en cuenta el contexto dado. Asume que eres una persona que vive en Madrid y tiene between 25  and  34 years old. Proporciona respuestas numéricas a las siguientes preguntas sobre tus contactos: ;15;20;5;2;12;16;22;30;8;6;2;10;25-34
Es julio de 2023, y como participante de una encuesta sobre la intención de voto para las elecciones generales de España el 23 de julio de 2023, proporciona respuestas numéricas en una columna tomando en cuenta el contexto dado. Asume que eres una persona que vive en Madrid y tiene between 25  and  34 years old. Proporciona respuestas numéricas a las siguientes preguntas sobre tus contactos: ;15;20;5;3;10;7;30;15;5;10;2;8;25-34
Es julio de 2023, y como participante de una encuesta sobre la intención de voto para las elecciones generales de España el 23 de julio de 2023, proporciona respuestas numéricas en una columna tomando en cuenta el contexto dado. Asume que eres una persona que vive en Madrid y tiene between 25  and  34 years old. Proporciona respuestas numéricas a las siguientes preguntas sobre tus contactos: ;10;15;5;2;8;10;30;20;15;5;3;7;25-34
Es julio de 2023, y como participante de una encuesta sobre la intención de voto para las elecciones generales de España el 23 de julio de 2023, proporciona respuestas numéricas en una columna tomando en cuenta el contexto dado. Asume que eres una persona que vive en Madrid y tiene between 25  and  34 years old. Proporciona respuestas numéricas a las siguientes preguntas sobre tus contactos: ;5;15;3;2;10;15;30;20;5;8;2;7;25-34
Es julio de 2023, y como participante de una encuesta sobre la intención de voto para las elecciones generales de España el 23 de julio de 2023, proporciona respuestas numéricas en una columna tomando en cuenta el contexto dado. Asume que eres una persona que vive en Madrid y tiene between 25  and  34 years old. Proporciona respuestas numéricas a las siguientes preguntas sobre tus contactos: ;10;15;8;2;5;10;30;15;8;6;4;7;25-34
Es julio de 2023, y como participante de una encuesta sobre la intención de voto para las elecciones generales de España el 23 de julio de 2023, proporciona respuestas numéricas en una columna tomando en cuenta el contexto dado. Asume que eres una persona que vive en Madrid y tiene between 35  and  44 years old. Proporciona respuestas numéricas a las siguientes preguntas sobre tus contactos: ;12;15;8;5;10;20;30;40;10;15;5;8;35-44
Es julio de 2023, y como participante de una encuesta sobre la intención de voto para las elecciones generales de España el 23 de julio de 2023, proporciona respuestas numéricas en una columna tomando en cuenta el contexto dado. Asume que eres una persona que vive en Madrid y tiene between 35  and  44 years old. Proporciona respuestas numéricas a las siguientes preguntas sobre tus contactos: ;15;20;10;5;15;10;20;40;15;10;5;10;35-44
Es julio de 2023, y como participante de una encuesta sobre la intención de voto para las elecciones generales de España el 23 de julio de 2023, proporciona respuestas numéricas en una columna tomando en cuenta el contexto dado. Asume que eres una persona que vive en Madrid y tiene between 35  and  44 years old. Proporciona respuestas numéricas a las siguientes preguntas sobre tus contactos: ;15;20;5;8;12;10;20;30;15;5;3;7;35-44
Es julio de 2023, y como participante de una encuesta sobre la intención de voto para las elecciones generales de España el 23 de julio de 2023, proporciona respuestas numéricas en una columna tomando en cuenta el contexto dado. Asume que eres una persona que vive en Madrid y tiene between 35  and  44 years old. Proporciona respuestas numéricas a las siguientes preguntas sobre tus contactos: ;10;14;4;2;6;5;15;20;10;7;3;5;35-44
Es julio de 2023, y como participante de una encuesta sobre la intención de voto para las elecciones generales de España el 23 de julio de 2023, proporciona respuestas numéricas en una columna tomando en cuenta el contexto dado. Asume que eres una persona que vive en Madrid y tiene between 35  and  44 years old. Proporciona respuestas numéricas a las siguientes preguntas sobre tus contactos: ;8;12;4;1;10;15;20;25;8;6;2;5;35-44
Es julio de 2023, y como participante de una encuesta sobre la intención de voto para las elecciones generales de España el 23 de julio de 2023, proporciona respuestas numéricas en una columna tomando en cuenta el contexto dado. Asume que eres una persona que vive en Madrid y tiene between 35  and  44 years old. Proporciona respuestas numéricas a las siguientes preguntas sobre tus contactos: ;12;8;5;2;4;9;15;20;10;5;2;4;35-44
Es julio de 2023, y como participante de una encuesta sobre la intención de voto para las elecciones generales de España el 23 de julio de 2023, proporciona respuestas numéricas en una columna tomando en cuenta el contexto dado. Asume que eres una persona que vive en Madrid y tiene between 35  and  44 years old. Proporciona respuestas numéricas a las siguientes preguntas sobre tus contactos: ;15;10;7;2;5;12;20;30;10;8;4;6;35-44
Es julio de 2023, y como participante de una encuesta sobre la intención de voto para las elecciones generales de España el 23 de julio de 2023, proporciona respuestas numéricas en una columna tomando en cuenta el contexto dado. Asume que eres una persona que vive en Madrid y tiene between 35  and  44 years old. Proporciona respuestas numéricas a las siguientes preguntas sobre tus contactos: ;15;12;8;3;7;17;20;30;14;10;5;12;35-44
Es julio de 2023, y como participante de una encuesta sobre la intención de voto para las elecciones generales de España el 23 de julio de 2023, proporciona respuestas numéricas en una columna tomando en cuenta el contexto dado. Asume que eres una persona que vive en Madrid y tiene between 35  and  44 years old. Proporciona respuestas numéricas a las siguientes preguntas sobre tus contactos: ;10;15;5;2;10;20;15;30;20;10;5;8;35-44
Es julio de 2023, y como participante de una encuesta sobre la intención de voto para las elecciones generales de España el 23 de julio de 2023, proporciona respuestas numéricas en una columna tomando en cuenta el contexto dado. Asume que eres una persona que vive en Madrid y tiene between 35  and  44 years old. Proporciona respuestas numéricas a las siguientes preguntas sobre tus contactos: ;15;20;6;4;10;15;30;40;20;10;3;8;35-44
Es julio de 2023, y como participante de una encuesta sobre la intención de voto para las elecciones generales de España el 23 de julio de 2023, proporciona respuestas numéricas en una columna tomando en cuenta el contexto dado. Asume que eres una persona que vive en Madrid y tiene between 35  and  44 years old. Proporciona respuestas numéricas a las siguientes preguntas sobre tus contactos: ;12;20;15;8;16;14;25;30;10;18;4;8;35-44
Es julio de 2023, y como participante de una encuesta sobre la intención de voto para las elecciones generales de España el 23 de julio de 2023, proporciona respuestas numéricas en una columna tomando en cuenta el contexto dado. Asume que eres una persona que vive en Madrid y tiene between 35  and  44 years old. Proporciona respuestas numéricas a las siguientes preguntas sobre tus contactos: ;15;20;5;2;10;18;25;30;15;12;3;5;35-44
Es julio de 2023, y como participante de una encuesta sobre la intención de voto para las elecciones generales de España el 23 de julio de 2023, proporciona respuestas numéricas en una columna tomando en cuenta el contexto dado. Asume que eres una persona que vive en Madrid y tiene between 35  and  44 years old. Proporciona respuestas numéricas a las siguientes preguntas sobre tus contactos: ;10;15;5;0;20;5;20;25;10;7;3;5;35-44
Es julio de 2023, y como participante de una encuesta sobre la intención de voto para las elecciones generales de España el 23 de julio de 2023, proporciona respuestas numéricas en una columna tomando en cuenta el contexto dado. Asume que eres una persona que vive en Madrid y tiene between 35  and  44 years old. Proporciona respuestas numéricas a las siguientes preguntas sobre tus contactos: ;15;20;10;5;15;10;30;45;20;10;5;7;35-44
Es julio de 2023, y como participante de una encuesta sobre la intención de voto para las elecciones generales de España el 23 de julio de 2023, proporciona respuestas numéricas en una columna tomando en cuenta el contexto dado. Asume que eres una persona que vive en Madrid y tiene between 35  and  44 years old. Proporciona respuestas numéricas a las siguientes preguntas sobre tus contactos: ;10;15;5;4;8;12;20;25;10;7;2;3;35-44
Es julio de 2023, y como participante de una encuesta sobre la intención de voto para las elecciones generales de España el 23 de julio de 2023, proporciona respuestas numéricas en una columna tomando en cuenta el contexto dado. Asume que eres una persona que vive en Madrid y tiene between 35  and  44 years old. Proporciona respuestas numéricas a las siguientes preguntas sobre tus contactos: ;18;22;8;2;16;34;42;46;12;10;5;9;35-44
Es julio de 2023, y como participante de una encuesta sobre la intención de voto para las elecciones generales de España el 23 de julio de 2023, proporciona respuestas numéricas en una columna tomando en cuenta el contexto dado. Asume que eres una persona que vive en Madrid y tiene between 35  and  44 years old. Proporciona respuestas numéricas a las siguientes preguntas sobre tus contactos: ;10;20;5;2;15;8;30;25;10;20;5;10;35-44
Es julio de 2023, y como participante de una encuesta sobre la intención de voto para las elecciones generales de España el 23 de julio de 2023, proporciona respuestas numéricas en una columna tomando en cuenta el contexto dado. Asume que eres una persona que vive en Madrid y tiene between 35  and  44 years old. Proporciona respuestas numéricas a las siguientes preguntas sobre tus contactos: ;15;22;8;5;20;30;25;50;25;15;3;7;35-44
Es julio de 2023, y como participante de una encuesta sobre la intención de voto para las elecciones generales de España el 23 de julio de 2023, proporciona respuestas numéricas en una columna tomando en cuenta el contexto dado. Asume que eres una persona que vive en Madrid y tiene between 35  and  44 years old. Proporciona respuestas numéricas a las siguientes preguntas sobre tus contactos: ;12;7;10;3;15;25;30;45;25;15;4;10;35-44
Es julio de 2023, y como participante de una encuesta sobre la intención de voto para las elecciones generales de España el 23 de julio de 2023, proporciona respuestas numéricas en una columna tomando en cuenta el contexto dado. Asume que eres una persona que vive en Madrid y tiene between 35  and  44 years old. Proporciona respuestas numéricas a las siguientes preguntas sobre tus contactos: ;15;20;12;5;25;20;30;40;15;10;8;15;35-44
Es julio de 2023, y como participante de una encuesta sobre la intención de voto para las elecciones generales de España el 23 de julio de 2023, proporciona respuestas numéricas en una columna tomando en cuenta el contexto dado. Asume que eres una persona que vive en Madrid y tiene between 35  and  44 years old. Proporciona respuestas numéricas a las siguientes preguntas sobre tus contactos: ;15;20;8;5;10;25;18;40;22;6;4;7;35-44
Es julio de 2023, y como participante de una encuesta sobre la intención de voto para las elecciones generales de España el 23 de julio de 2023, proporciona respuestas numéricas en una columna tomando en cuenta el contexto dado. Asume que eres una persona que vive en Madrid y tiene between 35  and  44 years old. Proporciona respuestas numéricas a las siguientes preguntas sobre tus contactos: ;10;15;5;3;7;20;30;40;15;8;2;5;35-44
Es julio de 2023, y como participante de una encuesta sobre la intención de voto para las elecciones generales de España el 23 de julio de 2023, proporciona respuestas numéricas en una columna tomando en cuenta el contexto dado. Asume que eres una persona que vive en Madrid y tiene between 35  and  44 years old. Proporciona respuestas numéricas a las siguientes preguntas sobre tus contactos: ;15;20;10;5;30;25;40;45;20;10;5;15;35-44
Es julio de 2023, y como participante de una encuesta sobre la intención de voto para las elecciones generales de España el 23 de julio de 2023, proporciona respuestas numéricas en una columna tomando en cuenta el contexto dado. Asume que eres una persona que vive en Madrid y tiene between 35  and  44 years old. Proporciona respuestas numéricas a las siguientes preguntas sobre tus contactos: ;15;20;10;5;25;50;40;60;30;20;10;15;35-44
Es julio de 2023, y como participante de una encuesta sobre la intención de voto para las elecciones generales de España el 23 de julio de 2023, proporciona respuestas numéricas en una columna tomando en cuenta el contexto dado. Asume que eres una persona que vive en Madrid y tiene between 35  and  44 years old. Proporciona respuestas numéricas a las siguientes preguntas sobre tus contactos: ;15;20;5;10;15;20;50;40;30;15;5;10;35-44
Es julio de 2023, y como participante de una encuesta sobre la intención de voto para las elecciones generales de España el 23 de julio de 2023, proporciona respuestas numéricas en una columna tomando en cuenta el contexto dado. Asume que eres una persona que vive en Madrid y tiene between 35  and  44 years old. Proporciona respuestas numéricas a las siguientes preguntas sobre tus contactos: ;15;20;5;2;10;15;25;30;10;15;3;7;35-44
Es julio de 2023, y como participante de una encuesta sobre la intención de voto para las elecciones generales de España el 23 de julio de 2023, proporciona respuestas numéricas en una columna tomando en cuenta el contexto dado. Asume que eres una persona que vive en Madrid y tiene between 35  and  44 years old. Proporciona respuestas numéricas a las siguientes preguntas sobre tus contactos: ;20;15;10;5;20;30;50;40;10;20;5;10;35-44
Es julio de 2023, y como participante de una encuesta sobre la intención de voto para las elecciones generales de España el 23 de julio de 2023, proporciona respuestas numéricas en una columna tomando en cuenta el contexto dado. Asume que eres una persona que vive en Madrid y tiene between 35  and  44 years old. Proporciona respuestas numéricas a las siguientes preguntas sobre tus contactos: ;15;20;12;5;17;10;30;35;12;18;7;10;35-44
Es julio de 2023, y como participante de una encuesta sobre la intención de voto para las elecciones generales de España el 23 de julio de 2023, proporciona respuestas numéricas en una columna tomando en cuenta el contexto dado. Asume que eres una persona que vive en Madrid y tiene between 35  and  44 years old. Proporciona respuestas numéricas a las siguientes preguntas sobre tus contactos: ;15;20;10;5;15;10;20;30;15;10;5;7;35-44
Es julio de 2023, y como participante de una encuesta sobre la intención de voto para las elecciones generales de España el 23 de julio de 2023, proporciona respuestas numéricas en una columna tomando en cuenta el contexto dado. Asume que eres una persona que vive en Madrid y tiene between 35  and  44 years old. Proporciona respuestas numéricas a las siguientes preguntas sobre tus contactos: ;15;20;5;0;10;20;30;35;15;10;5;8;35-44
Es julio de 2023, y como participante de una encuesta sobre la intención de voto para las elecciones generales de España el 23 de julio de 2023, proporciona respuestas numéricas en una columna tomando en cuenta el contexto dado. Asume que eres una persona que vive en Madrid y tiene between 35  and  44 years old. Proporciona respuestas numéricas a las siguientes preguntas sobre tus contactos: ;20;30;5;0;10;35;30;50;20;15;10;5;35-44
Es julio de 2023, y como participante de una encuesta sobre la intención de voto para las elecciones generales de España el 23 de julio de 2023, proporciona respuestas numéricas en una columna tomando en cuenta el contexto dado. Asume que eres una persona que vive en Madrid y tiene between 45  and  54 years old. Proporciona respuestas numéricas a las siguientes preguntas sobre tus contactos: ;15;20;5;10;25;10;30;35;20;10;5;8;45-54
Es julio de 2023, y como participante de una encuesta sobre la intención de voto para las elecciones generales de España el 23 de julio de 2023, proporciona respuestas numéricas en una columna tomando en cuenta el contexto dado. Asume que eres una persona que vive en Madrid y tiene between 45  and  54 years old. Proporciona respuestas numéricas a las siguientes preguntas sobre tus contactos: ;15;20;5;3;7;10;20;30;15;5;2;8;45-54
Es julio de 2023, y como participante de una encuesta sobre la intención de voto para las elecciones generales de España el 23 de julio de 2023, proporciona respuestas numéricas en una columna tomando en cuenta el contexto dado. Asume que eres una persona que vive en Madrid y tiene between 45  and  54 years old. Proporciona respuestas numéricas a las siguientes preguntas sobre tus contactos: ;18;22;3;7;10;15;20;30;23;6;3;2;45-54
Es julio de 2023, y como participante de una encuesta sobre la intención de voto para las elecciones generales de España el 23 de julio de 2023, proporciona respuestas numéricas en una columna tomando en cuenta el contexto dado. Asume que eres una persona que vive en Madrid y tiene between 45  and  54 years old. Proporciona respuestas numéricas a las siguientes preguntas sobre tus contactos: ;15;25;10;1;15;34;27;35;28;12;8;16;45-54
Es julio de 2023, y como participante de una encuesta sobre la intención de voto para las elecciones generales de España el 23 de julio de 2023, proporciona respuestas numéricas en una columna tomando en cuenta el contexto dado. Asume que eres una persona que vive en Madrid y tiene between 45  and  54 years old. Proporciona respuestas numéricas a las siguientes preguntas sobre tus contactos: ;12;8;6;2;4;14;15;20;12;3;2;5;45-54
Es julio de 2023, y como participante de una encuesta sobre la intención de voto para las elecciones generales de España el 23 de julio de 2023, proporciona respuestas numéricas en una columna tomando en cuenta el contexto dado. Asume que eres una persona que vive en Madrid y tiene between 45  and  54 years old. Proporciona respuestas numéricas a las siguientes preguntas sobre tus contactos: ;15;20;5;10;25;30;20;25;15;3;7;;45-54
Es julio de 2023, y como participante de una encuesta sobre la intención de voto para las elecciones generales de España el 23 de julio de 2023, proporciona respuestas numéricas en una columna tomando en cuenta el contexto dado. Asume que eres una persona que vive en Madrid y tiene between 45  and  54 years old. Proporciona respuestas numéricas a las siguientes preguntas sobre tus contactos: ;15;20;10;5;25;100;50;120;70;30;8;15;45-54
Es julio de 2023, y como participante de una encuesta sobre la intención de voto para las elecciones generales de España el 23 de julio de 2023, proporciona respuestas numéricas en una columna tomando en cuenta el contexto dado. Asume que eres una persona que vive en Madrid y tiene between 45  and  54 years old. Proporciona respuestas numéricas a las siguientes preguntas sobre tus contactos: ;15;10;8;2;12;20;18;25;20;5;3;7;45-54
Es julio de 2023, y como participante de una encuesta sobre la intención de voto para las elecciones generales de España el 23 de julio de 2023, proporciona respuestas numéricas en una columna tomando en cuenta el contexto dado. Asume que eres una persona que vive en Madrid y tiene between 45  and  54 years old. Proporciona respuestas numéricas a las siguientes preguntas sobre tus contactos: ;15;20;5;10;30;25;40;20;10;5;8;;45-54
Es julio de 2023, y como participante de una encuesta sobre la intención de voto para las elecciones generales de España el 23 de julio de 2023, proporciona respuestas numéricas en una columna tomando en cuenta el contexto dado. Asume que eres una persona que vive en Madrid y tiene between 45  and  54 years old. Proporciona respuestas numéricas a las siguientes preguntas sobre tus contactos: ;10;12;3;4;15;20;15;25;10;5;2;8;45-54
Es julio de 2023, y como participante de una encuesta sobre la intención de voto para las elecciones generales de España el 23 de julio de 2023, proporciona respuestas numéricas en una columna tomando en cuenta el contexto dado. Asume que eres una persona que vive en Madrid y tiene between 45  and  54 years old. Proporciona respuestas numéricas a las siguientes preguntas sobre tus contactos: ;12;10;7;2;9;18;20;30;15;13;3;7;45-54
Es julio de 2023, y como participante de una encuesta sobre la intención de voto para las elecciones generales de España el 23 de julio de 2023, proporciona respuestas numéricas en una columna tomando en cuenta el contexto dado. Asume que eres una persona que vive en Madrid y tiene between 45  and  54 years old. Proporciona respuestas numéricas a las siguientes preguntas sobre tus contactos: ;14;10;8;2;6;10;12;18;5;2;4;;45-54
Es julio de 2023, y como participante de una encuesta sobre la intención de voto para las elecciones generales de España el 23 de julio de 2023, proporciona respuestas numéricas en una columna tomando en cuenta el contexto dado. Asume que eres una persona que vive en Madrid y tiene between 45  and  54 years old. Proporciona respuestas numéricas a las siguientes preguntas sobre tus contactos: ;15;9;4;2;10;18;20;12;7;3;5;;45-54
Es julio de 2023, y como participante de una encuesta sobre la intención de voto para las elecciones generales de España el 23 de julio de 2023, proporciona respuestas numéricas en una columna tomando en cuenta el contexto dado. Asume que eres una persona que vive en Madrid y tiene between 45  and  54 years old. Proporciona respuestas numéricas a las siguientes preguntas sobre tus contactos: ;8;15;5;2;10;20;25;30;15;4;3;5;45-54
Es julio de 2023, y como participante de una encuesta sobre la intención de voto para las elecciones generales de España el 23 de julio de 2023, proporciona respuestas numéricas en una columna tomando en cuenta el contexto dado. Asume que eres una persona que vive en Madrid y tiene between 45  and  54 years old. Proporciona respuestas numéricas a las siguientes preguntas sobre tus contactos: ;3;5;1;0;2;4;6;10;9;2;1;3;45-54
Es julio de 2023, y como participante de una encuesta sobre la intención de voto para las elecciones generales de España el 23 de julio de 2023, proporciona respuestas numéricas en una columna tomando en cuenta el contexto dado. Asume que eres una persona que vive en Madrid y tiene between 45  and  54 years old. Proporciona respuestas numéricas a las siguientes preguntas sobre tus contactos: ;15;18;8;2;10;7;25;35;20;4;3;5;45-54
Es julio de 2023, y como participante de una encuesta sobre la intención de voto para las elecciones generales de España el 23 de julio de 2023, proporciona respuestas numéricas en una columna tomando en cuenta el contexto dado. Asume que eres una persona que vive en Madrid y tiene between 45  and  54 years old. Proporciona respuestas numéricas a las siguientes preguntas sobre tus contactos: ;20;15;8;2;10;25;15;20;10;7;3;5;45-54
Es julio de 2023, y como participante de una encuesta sobre la intención de voto para las elecciones generales de España el 23 de julio de 2023, proporciona respuestas numéricas en una columna tomando en cuenta el contexto dado. Asume que eres una persona que vive en Madrid y tiene between 45  and  54 years old. Proporciona respuestas numéricas a las siguientes preguntas sobre tus contactos: ;8;12;5;3;20;15;27;16;5;2;8;;45-54
Es julio de 2023, y como participante de una encuesta sobre la intención de voto para las elecciones generales de España el 23 de julio de 2023, proporciona respuestas numéricas en una columna tomando en cuenta el contexto dado. Asume que eres una persona que vive en Madrid y tiene between 45  and  54 years old. Proporciona respuestas numéricas a las siguientes preguntas sobre tus contactos: ;15;20;10;5;8;12;15;35;20;10;3;7;45-54
Es julio de 2023, y como participante de una encuesta sobre la intención de voto para las elecciones generales de España el 23 de julio de 2023, proporciona respuestas numéricas en una columna tomando en cuenta el contexto dado. Asume que eres una persona que vive en Madrid y tiene between 45  and  54 years old. Proporciona respuestas numéricas a las siguientes preguntas sobre tus contactos: ;20;25;15;10;30;40;20;60;55;20;5;10;45-54
Es julio de 2023, y como participante de una encuesta sobre la intención de voto para las elecciones generales de España el 23 de julio de 2023, proporciona respuestas numéricas en una columna tomando en cuenta el contexto dado. Asume que eres una persona que vive en Madrid y tiene between 45  and  54 years old. Proporciona respuestas numéricas a las siguientes preguntas sobre tus contactos: ;12;18;7;2;9;25;35;16;10;3;9;;45-54
Es julio de 2023, y como participante de una encuesta sobre la intención de voto para las elecciones generales de España el 23 de julio de 2023, proporciona respuestas numéricas en una columna tomando en cuenta el contexto dado. Asume que eres una persona que vive en Madrid y tiene between 45  and  54 years old. Proporciona respuestas numéricas a las siguientes preguntas sobre tus contactos: ;15;20;10;3;7;15;30;35;25;10;5;12;45-54
Es julio de 2023, y como participante de una encuesta sobre la intención de voto para las elecciones generales de España el 23 de julio de 2023, proporciona respuestas numéricas en una columna tomando en cuenta el contexto dado. Asume que eres una persona que vive en Madrid y tiene between 45  and  54 years old. Proporciona respuestas numéricas a las siguientes preguntas sobre tus contactos: ;15;20;5;3;12;10;18;22;5;2;8;4;45-54
Es julio de 2023, y como participante de una encuesta sobre la intención de voto para las elecciones generales de España el 23 de julio de 2023, proporciona respuestas numéricas en una columna tomando en cuenta el contexto dado. Asume que eres una persona que vive en Madrid y tiene between 45  and  54 years old. Proporciona respuestas numéricas a las siguientes preguntas sobre tus contactos: ;8;12;5;2;10;7;15;20;12;3;5;;45-54
Es julio de 2023, y como participante de una encuesta sobre la intención de voto para las elecciones generales de España el 23 de julio de 2023, proporciona respuestas numéricas en una columna tomando en cuenta el contexto dado. Asume que eres una persona que vive en Madrid y tiene between 45  and  54 years old. Proporciona respuestas numéricas a las siguientes preguntas sobre tus contactos: ;15;20;5;2;8;10;15;25;20;6;3;5;45-54
Es julio de 2023, y como participante de una encuesta sobre la intención de voto para las elecciones generales de España el 23 de julio de 2023, proporciona respuestas numéricas en una columna tomando en cuenta el contexto dado. Asume que eres una persona que vive en Madrid y tiene between 45  and  54 years old. Proporciona respuestas numéricas a las siguientes preguntas sobre tus contactos: ;15;20;10;8;12;15;20;30;25;18;5;10;45-54
Es julio de 2023, y como participante de una encuesta sobre la intención de voto para las elecciones generales de España el 23 de julio de 2023, proporciona respuestas numéricas en una columna tomando en cuenta el contexto dado. Asume que eres una persona que vive en Madrid y tiene between 45  and  54 years old. Proporciona respuestas numéricas a las siguientes preguntas sobre tus contactos: ;15;20;5;2;10;8;10;25;20;8;3;5;45-54
Es julio de 2023, y como participante de una encuesta sobre la intención de voto para las elecciones generales de España el 23 de julio de 2023, proporciona respuestas numéricas en una columna tomando en cuenta el contexto dado. Asume que eres una persona que vive en Madrid y tiene between 45  and  54 years old. Proporciona respuestas numéricas a las siguientes preguntas sobre tus contactos: ;12;15;5;2;20;10;15;25;20;7;2;5;45-54
Es julio de 2023, y como participante de una encuesta sobre la intención de voto para las elecciones generales de España el 23 de julio de 2023, proporciona respuestas numéricas en una columna tomando en cuenta el contexto dado. Asume que eres una persona que vive en Madrid y tiene between 45  and  54 years old. Proporciona respuestas numéricas a las siguientes preguntas sobre tus contactos: ;15;20;10;5;7;12;22;28;18;10;5;8;45-54
Es julio de 2023, y como participante de una encuesta sobre la intención de voto para las elecciones generales de España el 23 de julio de 2023, proporciona respuestas numéricas en una columna tomando en cuenta el contexto dado. Asume que eres una persona que vive en Madrid y tiene between 45  and  54 years old. Proporciona respuestas numéricas a las siguientes preguntas sobre tus contactos: ;15;12;8;5;7;20;17;25;27;8;4;6;45-54
Es julio de 2023, y como participante de una encuesta sobre la intención de voto para las elecciones generales de España el 23 de julio de 2023, proporciona respuestas numéricas en una columna tomando en cuenta el contexto dado. Asume que eres una persona que vive en Madrid y tiene between 45  and  54 years old. Proporciona respuestas numéricas a las siguientes preguntas sobre tus contactos: ;15;20;10;5;25;25;30;50;20;15;5;10;45-54
Es julio de 2023, y como participante de una encuesta sobre la intención de voto para las elecciones generales de España el 23 de julio de 2023, proporciona respuestas numéricas en una columna tomando en cuenta el contexto dado. Asume que eres una persona que vive en Madrid y tiene between 45  and  54 years old. Proporciona respuestas numéricas a las siguientes preguntas sobre tus contactos: ;30;25;10;5;30;20;50;70;30;15;10;5;45-54
Es julio de 2023, y como participante de una encuesta sobre la intención de voto para las elecciones generales de España el 23 de julio de 2023, proporciona respuestas numéricas en una columna tomando en cuenta el contexto dado. Asume que eres una persona que vive en Madrid y tiene between 45  and  54 years old. Proporciona respuestas numéricas a las siguientes preguntas sobre tus contactos: ;15;10;8;7;10;20;30;40;30;15;5;10;45-54
Es julio de 2023, y como participante de una encuesta sobre la intención de voto para las elecciones generales de España el 23 de julio de 2023, proporciona respuestas numéricas en una columna tomando en cuenta el contexto dado. Asume que eres una persona que vive en Madrid y tiene between 45  and  54 years old. Proporciona respuestas numéricas a las siguientes preguntas sobre tus contactos: ;15;12;10;8;5;20;18;22;13;5;3;7;45-54
Es julio de 2023, y como participante de una encuesta sobre la intención de voto para las elecciones generales de España el 23 de julio de 2023, proporciona respuestas numéricas en una columna tomando en cuenta el contexto dado. Asume que eres una persona que vive en Madrid y tiene between 45  and  54 years old. Proporciona respuestas numéricas a las siguientes preguntas sobre tus contactos: ;15;20;10;5;25;30;25;60;22;10;5;10;45-54
Es julio de 2023, y como participante de una encuesta sobre la intención de voto para las elecciones generales de España el 23 de julio de 2023, proporciona respuestas numéricas en una columna tomando en cuenta el contexto dado. Asume que eres una persona que vive en Madrid y tiene between 45  and  54 years old. Proporciona respuestas numéricas a las siguientes preguntas sobre tus contactos: ;5;10;2;1;7;6;12;15;8;4;3;3;45-54
Es julio de 2023, y como participante de una encuesta sobre la intención de voto para las elecciones generales de España el 23 de julio de 2023, proporciona respuestas numéricas en una columna tomando en cuenta el contexto dado. Asume que eres una persona que vive en Madrid y tiene between 45  and  54 years old. Proporciona respuestas numéricas a las siguientes preguntas sobre tus contactos: ;30;25;10;5;15;20;40;50;30;15;5;10;45-54
Es julio de 2023, y como participante de una encuesta sobre la intención de voto para las elecciones generales de España el 23 de julio de 2023, proporciona respuestas numéricas en una columna tomando en cuenta el contexto dado. Asume que eres una persona que vive en Madrid y tiene between 45  and  54 years old. Proporciona respuestas numéricas a las siguientes preguntas sobre tus contactos: ;10;15;5;3;7;20;25;30;15;10;5;10;45-54
Es julio de 2023, y como participante de una encuesta sobre la intención de voto para las elecciones generales de España el 23 de julio de 2023, proporciona respuestas numéricas en una columna tomando en cuenta el contexto dado. Asume que eres una persona que vive en Madrid y tiene between 45  and  54 years old. Proporciona respuestas numéricas a las siguientes preguntas sobre tus contactos: ;35;30;10;0;15;10;20;50;30;40;5;15;45-54
Es julio de 2023, y como participante de una encuesta sobre la intención de voto para las elecciones generales de España el 23 de julio de 2023, proporciona respuestas numéricas en una columna tomando en cuenta el contexto dado. Asume que eres una persona que vive en Madrid y tiene over  54 years old. Proporciona respuestas numéricas a las siguientes preguntas sobre tus contactos: ;12;15;4;2;5;10;8;20;25;6;3;5;>54
Es julio de 2023, y como participante de una encuesta sobre la intención de voto para las elecciones generales de España el 23 de julio de 2023, proporciona respuestas numéricas en una columna tomando en cuenta el contexto dado. Asume que eres una persona que vive en Madrid y tiene over  54 years old. Proporciona respuestas numéricas a las siguientes preguntas sobre tus contactos: ;12;18;6;2;10;15;17;25;35;8;3;7;>54
Es julio de 2023, y como participante de una encuesta sobre la intención de voto para las elecciones generales de España el 23 de julio de 2023, proporciona respuestas numéricas en una columna tomando en cuenta el contexto dado. Asume que eres una persona que vive en Madrid y tiene over  54 years old. Proporciona respuestas numéricas a las siguientes preguntas sobre tus contactos: ;30;25;15;10;20;28;30;40;55;15;5;10;>54
Es julio de 2023, y como participante de una encuesta sobre la intención de voto para las elecciones generales de España el 23 de julio de 2023, proporciona respuestas numéricas en una columna tomando en cuenta el contexto dado. Asume que eres una persona que vive en Madrid y tiene over  54 years old. Proporciona respuestas numéricas a las siguientes preguntas sobre tus contactos: ;12;15;7;3;6;5;14;26;34;8;2;6;>54
Es julio de 2023, y como participante de una encuesta sobre la intención de voto para las elecciones generales de España el 23 de julio de 2023, proporciona respuestas numéricas en una columna tomando en cuenta el contexto dado. Asume que eres una persona que vive en Madrid y tiene over  54 years old. Proporciona respuestas numéricas a las siguientes preguntas sobre tus contactos: ;15;10;5;2;8;20;30;25;45;10;3;7;>54
Es julio de 2023, y como participante de una encuesta sobre la intención de voto para las elecciones generales de España el 23 de julio de 2023, proporciona respuestas numéricas en una columna tomando en cuenta el contexto dado. Asume que eres una persona que vive en Madrid y tiene over  54 years old. Proporciona respuestas numéricas a las siguientes preguntas sobre tus contactos: ;15;20;5;2;10;5;10;15;25;10;3;8;>54
Es julio de 2023, y como participante de una encuesta sobre la intención de voto para las elecciones generales de España el 23 de julio de 2023, proporciona respuestas numéricas en una columna tomando en cuenta el contexto dado. Asume que eres una persona que vive en Madrid y tiene over  54 years old. Proporciona respuestas numéricas a las siguientes preguntas sobre tus contactos: ;12;8;5;2;7;10;15;20;30;6;3;4;>54
Es julio de 2023, y como participante de una encuesta sobre la intención de voto para las elecciones generales de España el 23 de julio de 2023, proporciona respuestas numéricas en una columna tomando en cuenta el contexto dado. Asume que eres una persona que vive en Madrid y tiene over  54 years old. Proporciona respuestas numéricas a las siguientes preguntas sobre tus contactos: ;20;15;5;0;10;50;30;35;35;10;5;15;>54
Es julio de 2023, y como participante de una encuesta sobre la intención de voto para las elecciones generales de España el 23 de julio de 2023, proporciona respuestas numéricas en una columna tomando en cuenta el contexto dado. Asume que eres una persona que vive en Madrid y tiene over  54 years old. Proporciona respuestas numéricas a las siguientes preguntas sobre tus contactos: ;15;20;10;5;25;10;20;30;35;10;5;15;>54
Es julio de 2023, y como participante de una encuesta sobre la intención de voto para las elecciones generales de España el 23 de julio de 2023, proporciona respuestas numéricas en una columna tomando en cuenta el contexto dado. Asume que eres una persona que vive en Madrid y tiene over  54 years old. Proporciona respuestas numéricas a las siguientes preguntas sobre tus contactos: ;20;12;8;5;10;45;20;30;50;12;3;8;>54
Es julio de 2023, y como participante de una encuesta sobre la intención de voto para las elecciones generales de España el 23 de julio de 2023, proporciona respuestas numéricas en una columna tomando en cuenta el contexto dado. Asume que eres una persona que vive en Madrid y tiene over  54 years old. Proporciona respuestas numéricas a las siguientes preguntas sobre tus contactos: ;10;15;5;1;8;20;9;12;26;10;3;5;>54
Es julio de 2023, y como participante de una encuesta sobre la intención de voto para las elecciones generales de España el 23 de julio de 2023, proporciona respuestas numéricas en una columna tomando en cuenta el contexto dado. Asume que eres una persona que vive en Madrid y tiene over  54 years old. Proporciona respuestas numéricas a las siguientes preguntas sobre tus contactos: ;15;20;10;5;10;15;20;25;30;5;3;7;>54
Es julio de 2023, y como participante de una encuesta sobre la intención de voto para las elecciones generales de España el 23 de julio de 2023, proporciona respuestas numéricas en una columna tomando en cuenta el contexto dado. Asume que eres una persona que vive en Madrid y tiene over  54 years old. Proporciona respuestas numéricas a las siguientes preguntas sobre tus contactos: ;15;20;5;2;10;8;15;25;30;10;3;5;>54
Es julio de 2023, y como participante de una encuesta sobre la intención de voto para las elecciones generales de España el 23 de julio de 2023, proporciona respuestas numéricas en una columna tomando en cuenta el contexto dado. Asume que eres una persona que vive en Madrid y tiene over  54 years old. Proporciona respuestas numéricas a las siguientes preguntas sobre tus contactos: ;15;12;7;2;10;5;18;20;30;8;3;9;>54
Es julio de 2023, y como participante de una encuesta sobre la intención de voto para las elecciones generales de España el 23 de julio de 2023, proporciona respuestas numéricas en una columna tomando en cuenta el contexto dado. Asume que eres una persona que vive en Madrid y tiene over  54 years old. Proporciona respuestas numéricas a las siguientes preguntas sobre tus contactos: ;15;20;5;2;12;18;17;25;30;10;3;7;>54
Es julio de 2023, y como participante de una encuesta sobre la intención de voto para las elecciones generales de España el 23 de julio de 2023, proporciona respuestas numéricas en una columna tomando en cuenta el contexto dado. Asume que eres una persona que vive en Madrid y tiene over  54 years old. Proporciona respuestas numéricas a las siguientes preguntas sobre tus contactos: ;15;8;3;1;7;20;15;18;22;10;2;5;>54
Es julio de 2023, y como participante de una encuesta sobre la intención de voto para las elecciones generales de España el 23 de julio de 2023, proporciona respuestas numéricas en una columna tomando en cuenta el contexto dado. Asume que eres una persona que vive en Madrid y tiene over  54 years old. Proporciona respuestas numéricas a las siguientes preguntas sobre tus contactos: ;12;25;10;3;7;15;20;30;45;10;5;15;>54
Es julio de 2023, y como participante de una encuesta sobre la intención de voto para las elecciones generales de España el 23 de julio de 2023, proporciona respuestas numéricas en una columna tomando en cuenta el contexto dado. Asume que eres una persona que vive en Madrid y tiene over  54 years old. Proporciona respuestas numéricas a las siguientes preguntas sobre tus contactos: ;12;9;5;2;4;6;10;15;20;8;3;7;>54
Es julio de 2023, y como participante de una encuesta sobre la intención de voto para las elecciones generales de España el 23 de julio de 2023, proporciona respuestas numéricas en una columna tomando en cuenta el contexto dado. Asume que eres una persona que vive en Madrid y tiene over  54 years old. Proporciona respuestas numéricas a las siguientes preguntas sobre tus contactos: ;20;15;5;10;13;37;15;26;59;8;4;6;>54
Es julio de 2023, y como participante de una encuesta sobre la intención de voto para las elecciones generales de España el 23 de julio de 2023, proporciona respuestas numéricas en una columna tomando en cuenta el contexto dado. Asume que eres una persona que vive en Madrid y tiene over  54 years old. Proporciona respuestas numéricas a las siguientes preguntas sobre tus contactos: ;15;20;5;4;10;16;30;25;45;10;5;8;>54
Es julio de 2023, y como participante de una encuesta sobre la intención de voto para las elecciones generales de España el 23 de julio de 2023, proporciona respuestas numéricas en una columna tomando en cuenta el contexto dado. Asume que eres una persona que vive en Madrid y tiene over  54 years old. Proporciona respuestas numéricas a las siguientes preguntas sobre tus contactos: ;12;8;5;2;10;15;13;22;30;8;3;6;>54
Es julio de 2023, y como participante de una encuesta sobre la intención de voto para las elecciones generales de España el 23 de julio de 2023, proporciona respuestas numéricas en una columna tomando en cuenta el contexto dado. Asume que eres una persona que vive en Madrid y tiene over  54 years old. Proporciona respuestas numéricas a las siguientes preguntas sobre tus contactos: ;18;23;7;5;12;15;25;30;45;9;2;8;>54
Es julio de 2023, y como participante de una encuesta sobre la intención de voto para las elecciones generales de España el 23 de julio de 2023, proporciona respuestas numéricas en una columna tomando en cuenta el contexto dado. Asume que eres una persona que vive en Madrid y tiene over  54 years old. Proporciona respuestas numéricas a las siguientes preguntas sobre tus contactos: ;18;12;10;4;6;16;10;32;40;11;8;9;>54
Es julio de 2023, y como participante de una encuesta sobre la intención de voto para las elecciones generales de España el 23 de julio de 2023, proporciona respuestas numéricas en una columna tomando en cuenta el contexto dado. Asume que eres una persona que vive en Madrid y tiene over  54 years old. Proporciona respuestas numéricas a las siguientes preguntas sobre tus contactos: ;12;18;7;3;10;15;20;30;50;15;4;8;>54
Es julio de 2023, y como participante de una encuesta sobre la intención de voto para las elecciones generales de España el 23 de julio de 2023, proporciona respuestas numéricas en una columna tomando en cuenta el contexto dado. Asume que eres una persona que vive en Madrid y tiene over  54 years old. Proporciona respuestas numéricas a las siguientes preguntas sobre tus contactos: ;12;14;3;2;9;20;15;18;22;5;2;7;>54
Es julio de 2023, y como participante de una encuesta sobre la intención de voto para las elecciones generales de España el 23 de julio de 2023, proporciona respuestas numéricas en una columna tomando en cuenta el contexto dado. Asume que eres una persona que vive en Madrid y tiene over  54 years old. Proporciona respuestas numéricas a las siguientes preguntas sobre tus contactos: ;10;15;5;3;7;20;12;15;30;5;3;7;>54
Es julio de 2023, y como participante de una encuesta sobre la intención de voto para las elecciones generales de España el 23 de julio de 2023, proporciona respuestas numéricas en una columna tomando en cuenta el contexto dado. Asume que eres una persona que vive en Madrid y tiene over  54 years old. Proporciona respuestas numéricas a las siguientes preguntas sobre tus contactos: ;10;15;7;3;12;20;8;17;35;9;4;6;>54
Es julio de 2023, y como participante de una encuesta sobre la intención de voto para las elecciones generales de España el 23 de julio de 2023, proporciona respuestas numéricas en una columna tomando en cuenta el contexto dado. Asume que eres una persona que vive en Madrid y tiene over  54 years old. Proporciona respuestas numéricas a las siguientes preguntas sobre tus contactos: ;10;15;5;1;8;30;20;25;35;5;2;3;>54
Es julio de 2023, y como participante de una encuesta sobre la intención de voto para las elecciones generales de España el 23 de julio de 2023, proporciona respuestas numéricas en una columna tomando en cuenta el contexto dado. Asume que eres una persona que vive en Madrid y tiene over  54 years old. Proporciona respuestas numéricas a las siguientes preguntas sobre tus contactos: ;15;10;1;0;5;20;10;15;30;7;2;5;>54
Es julio de 2023, y como participante de una encuesta sobre la intención de voto para las elecciones generales de España el 23 de julio de 2023, proporciona respuestas numéricas en una columna tomando en cuenta el contexto dado. Asume que eres una persona que vive en Madrid y tiene over  54 years old. Proporciona respuestas numéricas a las siguientes preguntas sobre tus contactos: ;15;20;5;2;8;6;10;15;30;12;3;4;>54
Es julio de 2023, y como participante de una encuesta sobre la intención de voto para las elecciones generales de España el 23 de julio de 2023, proporciona respuestas numéricas en una columna tomando en cuenta el contexto dado. Asume que eres una persona que vive en Madrid y tiene over  54 years old. Proporciona respuestas numéricas a las siguientes preguntas sobre tus contactos: ;20;15;5;3;25;30;25;30;40;15;5;10;>54
Es julio de 2023, y como participante de una encuesta sobre la intención de voto para las elecciones generales de España el 23 de julio de 2023, proporciona respuestas numéricas en una columna tomando en cuenta el contexto dado. Asume que eres una persona que vive en Madrid y tiene over  54 years old. Proporciona respuestas numéricas a las siguientes preguntas sobre tus contactos: ;15;25;5;2;12;8;20;22;30;15;3;6;>54
Es julio de 2023, y como participante de una encuesta sobre la intención de voto para las elecciones generales de España el 23 de julio de 2023, proporciona respuestas numéricas en una columna tomando en cuenta el contexto dado. Asume que eres una persona que vive en Madrid y tiene over  54 years old. Proporciona respuestas numéricas a las siguientes preguntas sobre tus contactos: ;10;7;3;2;15;10;8;15;22;5;2;4;>54
Es julio de 2023, y como participante de una encuesta sobre la intención de voto para las elecciones generales de España el 23 de julio de 2023, proporciona respuestas numéricas en una columna tomando en cuenta el contexto dado. Asume que eres una persona que vive en Madrid y tiene over  54 years old. Proporciona respuestas numéricas a las siguientes preguntas sobre tus contactos: ;15;10;5;2;8;12;14;20;40;15;5;8;>54
Es julio de 2023, y como participante de una encuesta sobre la intención de voto para las elecciones generales de España el 23 de julio de 2023, proporciona respuestas numéricas en una columna tomando en cuenta el contexto dado. Asume que eres una persona que vive en Madrid y tiene over  54 years old. Proporciona respuestas numéricas a las siguientes preguntas sobre tus contactos: ;20;18;10;5;10;15;8;20;30;10;5;12;>54
Es julio de 2023, y como participante de una encuesta sobre la intención de voto para las elecciones generales de España el 23 de julio de 2023, proporciona respuestas numéricas en una columna tomando en cuenta el contexto dado. Asume que eres una persona que vive en Madrid y tiene over  54 years old. Proporciona respuestas numéricas a las siguientes preguntas sobre tus contactos: ;4;8;2;1;5;10;7;8;15;3;2;4;>54
Es julio de 2023, y como participante de una encuesta sobre la intención de voto para las elecciones generales de España el 23 de julio de 2023, proporciona respuestas numéricas en una columna tomando en cuenta el contexto dado. Asume que eres una persona que vive en Madrid y tiene over  54 years old. Proporciona respuestas numéricas a las siguientes preguntas sobre tus contactos: ;12;20;6;4;8;15;18;30;22;10;3;1;>54
Es julio de 2023, y como participante de una encuesta sobre la intención de voto para las elecciones generales de España el 23 de julio de 2023, proporciona respuestas numéricas en una columna tomando en cuenta el contexto dado. Asume que eres una persona que vive en Madrid y tiene over  54 years old. Proporciona respuestas numéricas a las siguientes preguntas sobre tus contactos: ;15;20;5;3;7;10;13;22;30;8;4;6;>54
Es julio de 2023, y como participante de una encuesta sobre la intención de voto para las elecciones generales de España el 23 de julio de 2023, proporciona respuestas numéricas en una columna tomando en cuenta el contexto dado. Asume que eres una persona que vive en Madrid y tiene over  54 years old. Proporciona respuestas numéricas a las siguientes preguntas sobre tus contactos: ;15;12;3;2;5;10;7;12;18;8;2;6;>54
Es julio de 2023, y como participante de una encuesta sobre la intención de voto para las elecciones generales de España el 23 de julio de 2023, proporciona respuestas numéricas en una columna tomando en cuenta el contexto dado. Asume que eres una persona que vive en Madrid y tiene over  54 years old. Proporciona respuestas numéricas a las siguientes preguntas sobre tus contactos: ;15;7;4;1;10;8;5;16;25;6;2;3;>54
Es julio de 2023, y como participante de una encuesta sobre la intención de voto para las elecciones generales de España el 23 de julio de 2023, proporciona respuestas numéricas en una columna tomando en cuenta el contexto dado. Asume que eres una persona que vive en Madrid y tiene over  54 years old. Proporciona respuestas numéricas a las siguientes preguntas sobre tus contactos: ;15;20;6;1;10;5;20;30;15;10;2;7;>54
Es julio de 2023, y como participante de una encuesta sobre la intención de voto para las elecciones generales de España el 23 de julio de 2023, proporciona respuestas numéricas en una columna tomando en cuenta el contexto dado. Asume que eres una persona que vive en Madrid y tiene over  54 years old. Proporciona respuestas numéricas a las siguientes preguntas sobre tus contactos: ;15;18;7;3;14;12;12;25;32;9;2;7;>54
Es julio de 2023, y como participante de una encuesta sobre la intención de voto para las elecciones generales de España el 23 de julio de 2023, proporciona respuestas numéricas en una columna tomando en cuenta el contexto dado. Asume que eres una persona que vive en Madrid y tiene over  54 years old. Proporciona respuestas numéricas a las siguientes preguntas sobre tus contactos: ;12;9;3;1;5;6;7;13;15;4;2;3;>54
Es julio de 2023, y como participante de una encuesta sobre la intención de voto para las elecciones generales de España el 23 de julio de 2023, proporciona respuestas numéricas en una columna tomando en cuenta el contexto dado. Asume que eres una persona que vive en Madrid y tiene over  54 years old. Proporciona respuestas numéricas a las siguientes preguntas sobre tus contactos: ;10;15;5;2;8;10;12;18;25;13;4;7;>54
Es julio de 2023, y como participante de una encuesta sobre la intención de voto para las elecciones generales de España el 23 de julio de 2023, proporciona respuestas numéricas en una columna tomando en cuenta el contexto dado. Asume que eres una persona que vive en Madrid y tiene over  54 years old. Proporciona respuestas numéricas a las siguientes preguntas sobre tus contactos: ;15;20;8;2;10;5;12;15;20;10;2;4;>54
Es julio de 2023, y como participante de una encuesta sobre la intención de voto para las elecciones generales de España el 23 de julio de 2023, proporciona respuestas numéricas en una columna tomando en cuenta el contexto dado. Asume que eres una persona que vive en Madrid y tiene over  54 years old. Proporciona respuestas numéricas a las siguientes preguntas sobre tus contactos: ;15;20;5;0;8;2;10;20;20;7;2;3;>54
Es julio de 2023, y como participante de una encuesta sobre la intención de voto para las elecciones generales de España el 23 de julio de 2023, proporciona respuestas numéricas en una columna tomando en cuenta el contexto dado. Asume que eres una persona que vive en Madrid y tiene over  54 years old. Proporciona respuestas numéricas a las siguientes preguntas sobre tus contactos: ;15;10;5;2;8;12;20;25;30;7;4;6;>54
Es julio de 2023, y como participante de una encuesta sobre la intención de voto para las elecciones generales de España el 23 de julio de 2023, proporciona respuestas numéricas en una columna tomando en cuenta el contexto dado. Asume que eres una persona que vive en Madrid y tiene over  54 years old. Proporciona respuestas numéricas a las siguientes preguntas sobre tus contactos: ;12;8;5;2;3;15;7;12;22;6;2;4;>54
Es julio de 2023, y como participante de una encuesta sobre la intención de voto para las elecciones generales de España el 23 de julio de 2023, proporciona respuestas numéricas en una columna tomando en cuenta el contexto dado. Asume que eres una persona que vive en Madrid y tiene over  54 years old. Proporciona respuestas numéricas a las siguientes preguntas sobre tus contactos: ;12;15;7;3;10;8;20;25;30;13;5;10;>54
Es julio de 2023, y como participante de una encuesta sobre la intención de voto para las elecciones generales de España el 23 de julio de 2023, proporciona respuestas numéricas en una columna tomando en cuenta el contexto dado. Asume que eres una persona que vive en Madrid y tiene over  54 years old. Proporciona respuestas numéricas a las siguientes preguntas sobre tus contactos: ;25;15;10;5;7;8;20;25;30;10;5;7;>54
Es julio de 2023, y como participante de una encuesta sobre la intención de voto para las elecciones generales de España el 23 de julio de 2023, proporciona respuestas numéricas en una columna tomando en cuenta el contexto dado. Asume que eres una persona que vive en Madrid y tiene over  54 years old. Proporciona respuestas numéricas a las siguientes preguntas sobre tus contactos: ;15;20;5;2;10;8;15;20;30;5;2;4;>54
Es julio de 2023, y como participante de una encuesta sobre la intención de voto para las elecciones generales de España el 23 de julio de 2023, proporciona respuestas numéricas en una columna tomando en cuenta el contexto dado. Asume que eres una persona que vive en Madrid y tiene over  54 years old. Proporciona respuestas numéricas a las siguientes preguntas sobre tus contactos: ;15;10;7;2;13;5;15;20;30;7;4;6;>54
Es julio de 2023, y como participante de una encuesta sobre la intención de voto para las elecciones generales de España el 23 de julio de 2023, proporciona respuestas numéricas en una columna tomando en cuenta el contexto dado. Asume que eres una persona que vive en Madrid y tiene over  54 years old. Proporciona respuestas numéricas a las siguientes preguntas sobre tus contactos: ;15;25;10;5;20;30;30;40;20;10;5;15;>54
Es julio de 2023, y como participante de una encuesta sobre la intención de voto para las elecciones generales de España el 23 de julio de 2023, proporciona respuestas numéricas en una columna tomando en cuenta el contexto dado. Asume que eres una persona que vive en Madrid y tiene over  54 years old. Proporciona respuestas numéricas a las siguientes preguntas sobre tus contactos: ;35;50;20;5;25;30;40;60;50;15;10;20;>54
Es julio de 2023, y como participante de una encuesta sobre la intención de voto para las elecciones generales de España el 23 de julio de 2023, proporciona respuestas numéricas en una columna tomando en cuenta el contexto dado. Asume que eres una persona que vive en Madrid y tiene over  54 years old. Proporciona respuestas numéricas a las siguientes preguntas sobre tus contactos: ;20;15;7;2;10;12;25;20;30;10;5;7;>54
Es julio de 2023, y como participante de una encuesta sobre la intención de voto para las elecciones generales de España el 23 de julio de 2023, proporciona respuestas numéricas en una columna tomando en cuenta el contexto dado. Asume que eres una persona que vive en Madrid y tiene over  54 years old. Proporciona respuestas numéricas a las siguientes preguntas sobre tus contactos: ;20;30;10;5;15;20;15;40;45;33;3;8;>54
Es julio de 2023, y como participante de una encuesta sobre la intención de voto para las elecciones generales de España el 23 de julio de 2023, proporciona respuestas numéricas en una columna tomando en cuenta el contexto dado. Asume que eres una persona que vive en Madrid y tiene over  54 years old. Proporciona respuestas numéricas a las siguientes preguntas sobre tus contactos: ;15;10;5;3;7;10;15;25;30;15;5;10;>54
Es julio de 2023, y como participante de una encuesta sobre la intención de voto para las elecciones generales de España el 23 de julio de 2023, proporciona respuestas numéricas en una columna tomando en cuenta el contexto dado. Asume que eres una persona que vive en Madrid y tiene over  54 years old. Proporciona respuestas numéricas a las siguientes preguntas sobre tus contactos: ;15;20;5;2;10;8;15;25;60;10;3;5;>54
Es julio de 2023, y como participante de una encuesta sobre la intención de voto para las elecciones generales de España el 23 de julio de 2023, proporciona respuestas numéricas en una columna tomando en cuenta el contexto dado. Asume que eres una persona que vive en Madrid y tiene over  54 years old. Proporciona respuestas numéricas a las siguientes preguntas sobre tus contactos: ;15;8;5;2;20;10;18;25;30;13;5;7;>54
Es julio de 2023, y como participante de una encuesta sobre la intención de voto para las elecciones generales de España el 23 de julio de 2023, proporciona respuestas numéricas en una columna tomando en cuenta el contexto dado. Asume que eres una persona que vive en Madrid y tiene over  54 years old. Proporciona respuestas numéricas a las siguientes preguntas sobre tus contactos: ;10;15;5;2;8;10;15;20;25;10;3;7;>54
Es julio de 2023, y como participante de una encuesta sobre la intención de voto para las elecciones generales de España el 23 de julio de 2023, proporciona respuestas numéricas en una columna tomando en cuenta el contexto dado. Asume que eres una persona que vive en Madrid y tiene over  54 years old. Proporciona respuestas numéricas a las siguientes preguntas sobre tus contactos: ;15;20;2;0;5;10;12;15;25;5;2;3;>54
Es julio de 2023, y como participante de una encuesta sobre la intención de voto para las elecciones generales de España el 23 de julio de 2023, proporciona respuestas numéricas en una columna tomando en cuenta el contexto dado. Asume que eres una persona que vive en Madrid y tiene over  54 years old. Proporciona respuestas numéricas a las siguientes preguntas sobre tus contactos: ;15;8;6;1;10;20;15;25;30;7;3;5;>54
Es julio de 2023, y como participante de una encuesta sobre la intención de voto para las elecciones generales de España el 23 de julio de 2023, proporciona respuestas numéricas en una columna tomando en cuenta el contexto dado. Asume que eres una persona que vive en Madrid y tiene over  54 years old. Proporciona respuestas numéricas a las siguientes preguntas sobre tus contactos: ;15;20;7;3;10;5;20;30;40;10;5;8;>54
Es julio de 2023, y como participante de una encuesta sobre la intención de voto para las elecciones generales de España el 23 de julio de 2023, proporciona respuestas numéricas en una columna tomando en cuenta el contexto dado. Asume que eres una persona que vive en Madrid y tiene over  54 years old. Proporciona respuestas numéricas a las siguientes preguntas sobre tus contactos: ;15;20;5;2;10;3;8;15;30;10;4;6;>54
Es julio de 2023, y como participante de una encuesta sobre la intención de voto para las elecciones generales de España el 23 de julio de 2023, proporciona respuestas numéricas en una columna tomando en cuenta el contexto dado. Asume que eres una persona que vive en Madrid y tiene over  54 years old. Proporciona respuestas numéricas a las siguientes preguntas sobre tus contactos: ;17;24;12;3;15;2;20;30;25;5;3;7;>54
Es julio de 2023, y como participante de una encuesta sobre la intención de voto para las elecciones generales de España el 23 de julio de 2023, proporciona respuestas numéricas en una columna tomando en cuenta el contexto dado. Asume que eres una persona que vive en Madrid y tiene over  54 years old. Proporciona respuestas numéricas a las siguientes preguntas sobre tus contactos: ;20;15;5;7;25;10;15;30;35;10;8;12;>54
Es julio de 2023, y como participante de una encuesta sobre la intención de voto para las elecciones generales de España el 23 de julio de 2023, proporciona respuestas numéricas en una columna tomando en cuenta el contexto dado. Asume que eres una persona que vive en Madrid y tiene over  54 years old. Proporciona respuestas numéricas a las siguientes preguntas sobre tus contactos: ;15;25;8;2;5;10;20;30;50;12;4;7;>54
Es julio de 2023, y como participante de una encuesta sobre la intención de voto para las elecciones generales de España el 23 de julio de 2023, proporciona respuestas numéricas en una columna tomando en cuenta el contexto dado. Asume que eres una persona que vive en Madrid y tiene over  54 years old. Proporciona respuestas numéricas a las siguientes preguntas sobre tus contactos: ;15;10;5;2;8;10;12;15;23;5;3;4;>54
Es julio de 2023, y como participante de una encuesta sobre la intención de voto para las elecciones generales de España el 23 de julio de 2023, proporciona respuestas numéricas en una columna tomando en cuenta el contexto dado. Asume que eres una persona que vive en Madrid y tiene over  54 years old. Proporciona respuestas numéricas a las siguientes preguntas sobre tus contactos: ;27;15;12;1;22;23;30;37;33;8;6;12;>54
Es julio de 2023, y como participante de una encuesta sobre la intención de voto para las elecciones generales de España el 23 de julio de 2023, proporciona respuestas numéricas en una columna tomando en cuenta el contexto dado. Asume que eres una persona que vive en Madrid y tiene over  54 years old. Proporciona respuestas numéricas a las siguientes preguntas sobre tus contactos: ;35;45;12;5;23;30;25;35;40;15;5;20;>54
Es julio de 2023, y como participante de una encuesta sobre la intención de voto para las elecciones generales de España el 23 de julio de 2023, proporciona respuestas numéricas en una columna tomando en cuenta el contexto dado. Asume que eres una persona que vive en Madrid y tiene over  54 years old. Proporciona respuestas numéricas a las siguientes preguntas sobre tus contactos: ;15;12;4;2;10;8;5;10;36;6;2;3;>54
Es julio de 2023, y como participante de una encuesta sobre la intención de voto para las elecciones generales de España el 23 de julio de 2023, proporciona respuestas numéricas en una columna tomando en cuenta el contexto dado. Asume que eres una persona que vive en Madrid y tiene over  54 years old. Proporciona respuestas numéricas a las siguientes preguntas sobre tus contactos: ;12;14;2;1;6;8;10;15;20;7;4;3;>54
Es julio de 2023, y como participante de una encuesta sobre la intención de voto para las elecciones generales de España el 23 de julio de 2023, proporciona respuestas numéricas en una columna tomando en cuenta el contexto dado. Asume que eres una persona que vive en Madrid y tiene over  54 years old. Proporciona respuestas numéricas a las siguientes preguntas sobre tus contactos: ;12;15;7;4;10;20;18;22;30;5;2;6;>54
Es julio de 2023, y como participante de una encuesta sobre la intención de voto para las elecciones generales de España el 23 de julio de 2023, proporciona respuestas numéricas en una columna tomando en cuenta el contexto dado. Asume que eres una persona que vive en Madrid y tiene over  54 years old. Proporciona respuestas numéricas a las siguientes preguntas sobre tus contactos: ;15;20;5;3;12;10;17;25;30;9;2;7;>54
Es julio de 2023, y como participante de una encuesta sobre la intención de voto para las elecciones generales de España el 23 de julio de 2023, proporciona respuestas numéricas en una columna tomando en cuenta el contexto dado. Asume que eres una persona que vive en Madrid y tiene over  54 years old. Proporciona respuestas numéricas a las siguientes preguntas sobre tus contactos: ;15;10;5;2;7;10;15;20;30;10;5;7;>54
Es julio de 2023, y como participante de una encuesta sobre la intención de voto para las elecciones generales de España el 23 de julio de 2023, proporciona respuestas numéricas en una columna tomando en cuenta el contexto dado. Asume que eres una persona que vive en Madrid y tiene over  54 years old. Proporciona respuestas numéricas a las siguientes preguntas sobre tus contactos: ;15;20;8;2;10;5;15;30;40;10;3;7;>54
Es julio de 2023, y como participante de una encuesta sobre la intención de voto para las elecciones generales de España el 23 de julio de 2023, proporciona respuestas numéricas en una columna tomando en cuenta el contexto dado. Asume que eres una persona que vive en Madrid y tiene over  54 years old. Proporciona respuestas numéricas a las siguientes preguntas sobre tus contactos: ;15;10;7;2;6;10;12;15;23;8;3;5;>54
Es julio de 2023, y como participante de una encuesta sobre la intención de voto para las elecciones generales de España el 23 de julio de 2023, proporciona respuestas numéricas en una columna tomando en cuenta el contexto dado. Asume que eres una persona que vive en Madrid y tiene over  54 years old. Proporciona respuestas numéricas a las siguientes preguntas sobre tus contactos: ;15;10;5;2;8;20;10;20;35;15;2;5;>54
Es julio de 2023, y como participante de una encuesta sobre la intención de voto para las elecciones generales de España el 23 de julio de 2023, proporciona respuestas numéricas en una columna tomando en cuenta el contexto dado. Asume que eres una persona que vive en Madrid y tiene over  54 years old. Proporciona respuestas numéricas a las siguientes preguntas sobre tus contactos: ;20;17;5;0;3;5;10;20;20;7;3;2;>54
Es julio de 2023, y como participante de una encuesta sobre la intención de voto para las elecciones generales de España el 23 de julio de 2023, proporciona respuestas numéricas en una columna tomando en cuenta el contexto dado. Asume que eres una persona que vive en Madrid y tiene over  54 years old. Proporciona respuestas numéricas a las siguientes preguntas sobre tus contactos: ;15;20;5;3;10;7;25;30;40;10;4;5;>54
Es julio de 2023, y como participante de una encuesta sobre la intención de voto para las elecciones generales de España el 23 de julio de 2023, proporciona respuestas numéricas en una columna tomando en cuenta el contexto dado. Asume que eres una persona que vive en Madrid y tiene over  54 years old. Proporciona respuestas numéricas a las siguientes preguntas sobre tus contactos: ;15;22;9;1;5;12;15;24;20;10;3;7;>54
Es julio de 2023, y como participante de una encuesta sobre la intención de voto para las elecciones generales de España el 23 de julio de 2023, proporciona respuestas numéricas en una columna tomando en cuenta el contexto dado. Asume que eres una persona que vive en Madrid y tiene over  54 years old. Proporciona respuestas numéricas a las siguientes preguntas sobre tus contactos: ;15;20;5;2;10;25;15;30;45;5;4;10;>54
Es julio de 2023, y como participante de una encuesta sobre la intención de voto para las elecciones generales de España el 23 de julio de 2023, proporciona respuestas numéricas en una columna tomando en cuenta el contexto dado. Asume que eres una persona que vive en Madrid y tiene over  54 years old. Proporciona respuestas numéricas a las siguientes preguntas sobre tus contactos: ;15;10;5;2;3;7;10;20;30;15;5;8;>54
Es julio de 2023, y como participante de una encuesta sobre la intención de voto para las elecciones generales de España el 23 de julio de 2023, proporciona respuestas numéricas en una columna tomando en cuenta el contexto dado. Asume que eres una persona que vive en Madrid y tiene over  54 years old. Proporciona respuestas numéricas a las siguientes preguntas sobre tus contactos: ;10;15;2;1;8;6;12;15;20;8;3;5;>54
Es julio de 2023, y como participante de una encuesta sobre la intención de voto para las elecciones generales de España el 23 de julio de 2023, proporciona respuestas numéricas en una columna tomando en cuenta el contexto dado. Asume que eres una persona que vive en Madrid y tiene over  54 years old. Proporciona respuestas numéricas a las siguientes preguntas sobre tus contactos: ;15;20;5;2;10;8;10;25;30;10;5;15;>54
Es julio de 2023, y como participante de una encuesta sobre la intención de voto para las elecciones generales de España el 23 de julio de 2023, proporciona respuestas numéricas en una columna tomando en cuenta el contexto dado. Asume que eres una persona que vive en Madrid y tiene over  54 years old. Proporciona respuestas numéricas a las siguientes preguntas sobre tus contactos: ;15;25;10;5;15;8;30;35;25;5;3;7;>54
